platform,variant,routers,metric,n,mean,sd,median,iqr,p05,p25,p75,p95,min,max,trimmed_mean
otns,stock,2,parent_request_to_response_ms,100,245.27319,137.87546724693084,238.92000000000002,230.828,43.275999999999996,133.49800000000002,364.326,458.00559999999996,9.656,494.824,243.7134875
hardware,stock,2,parent_request_to_response_ms,97,258.3495144948454,147.20136638671687,242.698908,265.876055,47.9496476,123.405933,389.281988,488.92025939999985,14.908075,507.816076,256.5805248101266
otns,stock,2,parent_response_to_child_id_request_ms,100,504.72424,138.06415058658183,510.452,231.74,292.04,385.68600000000004,617.426,705.146,254.56,741.808,506.2545
hardware,stock,2,parent_response_to_child_id_request_ms,97,493.5891456082474,147.2318605302595,508.312941,266.65091600000005,264.27631379999997,362.725019,629.375935,703.0914308,244.194031,739.093781,495.3459848101266
otns,stock,2,child_id_request_to_response_ms,100,5.7872,1.5455594783152478,5.416,0.6399999999999997,4.456,5.096,5.736,8.631999999999998,4.456,13.096,5.46
hardware,stock,2,child_id_request_to_response_ms,97,13.86318498969072,0.9703382256976332,13.975859,1.412153,12.494421,13.110876,14.523029,14.994526199999997,12.03084,17.946959,13.83628117721519
otns,stock,2,full_attach_ms,100,755.78463,1.9080675329248717,755.46,2.13799999999992,753.4736,754.47,756.608,759.496,752.96,763.712,755.529
hardware,stock,2,full_attach_ms,97,765.8018451752578,1.500897712478997,765.718222,2.2180079999999407,763.7042046,764.656067,766.874075,768.5984612,761.556864,769.952059,765.7502874810126
otns,stock,2,parent_request_to_ack_ms,,,,,,,,,,,,
hardware,stock,2,parent_request_to_ack_ms,,,,,,,,,,,,
otns,stock,2,parent_request_ack_to_parent_response_ms,,,,,,,,,,,,
hardware,stock,2,parent_request_ack_to_parent_response_ms,,,,,,,,,,,,
otns,stock,2,parent_response_to_ack_ms,100,4.0,0.0,4.0,0.0,4.0,4.0,4.0,4.0,4.0,4.0,4.0
hardware,stock,2,parent_response_to_ack_ms,97,4.00741824742268,0.0005007547643084686,4.007101,0.0009540000000001214,4.006863,4.007101,4.008055,4.008055,4.006863,4.008055,4.007408962025316
otns,stock,2,parent_response_ack_to_child_id_request_ms,100,500.72424,138.06415058658183,506.452,231.74,288.04,381.68600000000004,613.426,701.146,250.56,737.808,502.2545
hardware,stock,2,parent_response_ack_to_child_id_request_ms,97,489.58172745360827,147.23178537027098,504.304886,266.65091499999994,260.26830640000003,358.718157,625.369072,699.0833758,240.187168,735.085964,491.33857893670887
otns,stock,2,child_id_request_to_ack_ms,100,3.84,0.0,3.84,0.0,3.84,3.84,3.84,3.84,3.84,3.84,3.84
hardware,stock,2,child_id_request_to_ack_ms,97,3.8476506907216494,0.0006080598134095779,3.847837,0.0011919999999996378,3.846884,3.846884,3.848076,3.848219,3.846884,3.84903,3.847632227848101
otns,stock,2,child_id_request_ack_to_child_id_response_ms,100,1.9472,1.5455594783152478,1.576,0.6399999999999999,0.616,1.256,1.896,4.791999999999999,0.616,9.256,1.62
hardware,stock,2,child_id_request_ack_to_child_id_response_ms,97,10.015534402061856,0.9703760150157501,10.128975,1.4121539999999992,8.646345199999999,9.263992,10.676146,11.146688399999999,8.183956,14.098883,9.988649012658227
otns,stock,2,adjusted_parent_request_to_response_ms,,,,,,,,,,,,
hardware,stock,2,adjusted_parent_request_to_response_ms,97,9.906215525773195,0.9890090793453219,10.070959,1.7481340000000003,8.3463426,8.924887,10.673021,11.291790599999999,7.645933,11.429169,9.94390941772152
otns,stock,3,parent_request_to_response_ms,94,227.6573510638298,140.964416731934,227.61599999999999,244.75600000000003,29.184000000000005,98.676,343.432,442.71,8.656,481.536,224.85589473684212
hardware,stock,3,parent_request_to_response_ms,99,168.9974996969697,106.6390733361269,155.164957,156.0961005,27.6196721,81.65895950000001,237.75506000000001,337.8116844,10.926962,495.048046,161.12108585185186
otns,stock,3,parent_response_to_child_id_request_ms,94,522.280255319149,140.86362070112668,523.2239999999999,242.9860000000001,306.81815,406.87199999999996,649.8580000000001,720.5916,268.464,742.488,525.0917105263158
hardware,stock,3,parent_response_to_child_id_request_ms,99,582.4746555454545,106.66204776680961,597.582817,156.58760099999995,415.07291829999997,512.9169225,669.5045235,722.0353362,257.959127,740.999937,590.3098229629629
otns,stock,3,child_id_request_to_response_ms,94,5.616851063829787,1.1806464964681476,5.416,1.2800000000000002,4.456,4.776,6.056,7.976,4.456,10.536,5.4286315789473685
hardware,stock,3,child_id_request_to_response_ms,99,13.96952497979798,0.9696588330415338,14.166117,1.4200215000000007,12.434124899999999,13.2244825,14.644504000000001,15.3017282,12.013197,17.382145,13.963611061728395
otns,stock,3,full_attach_ms,94,755.5544574468086,1.63189980759871,755.6315,2.4160000000000537,753.47655,754.2339999999999,756.65,758.5,753.12,762.4,755.4342236842106
hardware,stock,3,full_attach_ms,99,765.4416801212121,2.017435657266449,765.219927,2.722978499999954,762.5744101,764.176011,766.8989895,768.5196395999999,760.77199,771.988153,765.3961210493827
otns,stock,3,parent_request_to_ack_ms,,,,,,,,,,,,
hardware,stock,3,parent_request_to_ack_ms,,,,,,,,,,,,
otns,stock,3,parent_request_ack_to_parent_response_ms,,,,,,,,,,,,
hardware,stock,3,parent_request_ack_to_parent_response_ms,,,,,,,,,,,,
otns,stock,3,parent_response_to_ack_ms,94,4.0,0.0,4.0,0.0,4.0,4.0,4.0,4.0,4.0,4.0,4.0
hardware,stock,3,parent_response_to_ack_ms,99,4.007568343434343,0.0005946951055829958,4.007816,0.0009540000000001214,4.006863,4.007101,4.008055,4.0081503,4.006863,4.009008,4.007533814814814
otns,stock,3,parent_response_ack_to_child_id_request_ms,94,518.280255319149,140.86362070112668,519.2239999999999,242.9860000000001,302.81815,402.87199999999996,645.8580000000001,716.5916,264.464,738.488,521.0917105263158
hardware,stock,3,parent_response_ack_to_child_id_request_ms,99,578.4670873232324,106.66202535052359,593.575001,156.58795849999996,411.0648633,508.909106,665.4970645,718.0273775,253.951073,736.992836,586.3022362839506
otns,stock,3,child_id_request_to_ack_ms,94,3.84,0.0,3.84,0.0,3.84,3.84,3.84,3.84,3.84,3.84,3.84
hardware,stock,3,child_id_request_to_ack_ms,99,3.8476640505050503,0.0005340296631241943,3.847837,0.0009539999999996773,3.846884,3.847122,3.848076,3.848076,3.846884,3.84903,3.8476813950617283
otns,stock,3,child_id_request_ack_to_child_id_response_ms,94,1.7768510638297872,1.1806464964681478,1.576,1.2800000000000002,0.616,0.936,2.216,4.136,0.616,6.696,1.5886315789473684
hardware,stock,3,child_id_request_ack_to_child_id_response_ms,99,10.12186087878788,0.9695670555762302,10.318995,1.4200210000000002,8.5861681,9.376526,10.796547,11.453867299999999,8.165121,13.534069,10.115973728395062
otns,stock,3,adjusted_parent_request_to_response_ms,,,,,,,,,,,,
hardware,stock,3,adjusted_parent_request_to_response_ms,99,9.765176464646464,1.0390238871298556,9.878918,1.5724975000000008,8.0792917,8.927475999999999,10.4999735,11.3195862,7.447817,11.574064,9.794903691358025
otns,stock,4,parent_request_to_response_ms,96,223.39142708333333,146.79729120588058,203.55599999999998,228.97,22.086,91.362,320.332,469.724,4.736,501.544,217.79191025641026
hardware,stock,4,parent_request_to_response_ms,96,197.244125125,132.76357514811988,154.9874545,205.84207800000001,25.8945825,92.447698,298.289776,429.55446225000003,11.876822,499.752998,188.18677696153847
otns,stock,4,parent_response_to_child_id_request_ms,96,526.7625,146.69812079785157,545.784,230.25824999999992,280.2,428.58175,658.8399999999999,728.098,249.2,746.92,532.4199102564103
hardware,stock,4,parent_response_to_child_id_request_ms,96,554.2962873541667,132.75739400885257,596.4570045,206.29370200000005,321.738541,452.71217824999997,659.00588025,724.663317,251.246929,741.108179,563.3764297179487
otns,stock,4,child_id_request_to_response_ms,96,5.589333333333333,1.2552698738280748,5.096,1.04,4.456,4.776,5.816,8.616,4.456,10.856,5.342153846153846
hardware,stock,4,child_id_request_to_response_ms,96,13.8732591875,0.9454063324081768,13.862013999999999,1.3896824999999993,12.44151575,13.14282375,14.532506249999999,15.46597525,12.108088,16.071081,13.857025333333333
otns,stock,4,full_attach_ms,96,755.7432604166667,1.6409043799383582,755.54,2.034750000000031,753.49825,754.674,756.70875,759.13,752.856,760.664,755.6186794871795
hardware,stock,4,full_attach_ms,96,765.41367175,1.6239131212818438,765.383482,2.180517000000009,762.593925,764.297366,766.477883,768.0097217499999,761.963129,769.145012,765.4158947179487
otns,stock,4,parent_request_to_ack_ms,,,,,,,,,,,,
hardware,stock,4,parent_request_to_ack_ms,,,,,,,,,,,,
otns,stock,4,parent_request_ack_to_parent_response_ms,,,,,,,,,,,,
hardware,stock,4,parent_request_ack_to_parent_response_ms,,,,,,,,,,,,
otns,stock,4,parent_response_to_ack_ms,96,4.0,0.0,4.0,0.0,4.0,4.0,4.0,4.0,4.0,4.0,4.0
hardware,stock,4,parent_response_to_ack_ms,96,4.007533270833333,0.0005123180648399983,4.007816,0.0009540000000001214,4.006863,4.007101,4.008055,4.008055,4.006863,4.009008,4.007538192307692
otns,stock,4,parent_response_ack_to_child_id_request_ms,96,522.7625,146.69812079785157,541.784,230.25824999999992,276.2,424.58175,654.8399999999999,724.098,245.2,742.92,528.4199102564103
hardware,stock,4,parent_response_ack_to_child_id_request_ms,96,550.2887541458333,132.7574217588323,592.4500224999999,206.29399975000007,317.7314995,448.704541,654.9985407500001,720.65597775,247.240067,737.101078,559.3688823589744
otns,stock,4,child_id_request_to_ack_ms,96,3.84,0.0,3.84,0.0,3.84,3.84,3.84,3.84,3.84,3.84,3.84
hardware,stock,4,child_id_request_to_ack_ms,96,3.8476188645833336,0.0005288057173786221,3.847837,0.0009539999999996773,3.846884,3.847122,3.848076,3.848076,3.846884,3.84903,3.8476295128205127
otns,stock,4,child_id_request_ack_to_child_id_response_ms,96,1.7493333333333334,1.2552698738280748,1.256,1.04,0.616,0.936,1.976,4.776,0.616,7.016,1.5021538461538462
hardware,stock,4,child_id_request_ack_to_child_id_response_ms,96,10.025640302083334,0.9453932666676603,10.014415,1.3900992499999987,8.5934995,9.2947485,10.68484775,11.618197250000001,8.260012,12.223005,10.009401858974359
otns,stock,4,adjusted_parent_request_to_response_ms,,,,,,,,,,,,
hardware,stock,4,adjusted_parent_request_to_response_ms,96,9.817041791666666,1.6422120322055982,9.706112000000001,1.5041392499999997,7.947077,8.90172475,10.405864,11.231005750000001,7.564913,22.030138,9.700347987179487
otns,stock-low-power,2,parent_request_to_response_ms,99,257.98842424242423,151.66871938592058,283.336,251.8,19.94,133.55599999999998,385.356,485.8224,7.376,501.304,258.85330864197533
hardware,stock-low-power,2,parent_request_to_response_ms,100,237.23111629,140.3167471141743,225.7010935,199.40656400000006,25.803554150000004,134.46247599999998,333.86904000000004,478.01471939999993,15.542984,506.930113,233.1694513375
otns,stock-low-power,2,parent_response_to_child_id_request_ms,99,492.1111919191919,151.57522502635226,466.24,252.13999999999993,264.848,364.604,616.7439999999999,730.8848,247.24,744.488,491.20296296296294
hardware,stock-low-power,2,parent_response_to_child_id_request_ms,100,514.55889698,140.30874164732657,524.7030259999999,197.67969874999994,275.69702865,418.1408285,615.8205272499999,726.1108045,245.051861,738.111019,518.50965315
otns,stock-low-power,2,child_id_request_to_response_ms,99,5.5808484848484845,0.9593071092565351,5.416,1.2800000000000002,4.456,4.776,6.056,7.687999999999998,4.456,8.616,5.4476049382716045
hardware,stock-low-power,2,child_id_request_to_response_ms,100,13.85126351,0.9862433023224076,13.8220785,1.5902519999999996,12.3341199,13.05025825,14.64051025,15.418696200000001,12.127876,15.980005,13.826498387500001
otns,stock-low-power,2,full_attach_ms,99,755.6804646464647,1.5931053894518845,755.56,1.8199999999999363,753.176,754.712,756.5319999999999,758.592,752.56,759.896,755.6291111111111
hardware,stock-low-power,2,full_attach_ms,100,765.64127685,1.6865544482085857,765.7380105,2.433001999999874,762.78346775,764.3824812500001,766.8154832499999,768.2957057499999,762.100935,769.959927,765.6618297
otns,stock-low-power,2,parent_request_to_ack_ms,,,,,,,,,,,,
hardware,stock-low-power,2,parent_request_to_ack_ms,,,,,,,,,,,,
otns,stock-low-power,2,parent_request_ack_to_parent_response_ms,,,,,,,,,,,,
hardware,stock-low-power,2,parent_request_ack_to_parent_response_ms,,,,,,,,,,,,
otns,stock-low-power,2,parent_response_to_ack_ms,99,4.0,0.0,4.0,0.0,4.0,4.0,4.0,4.0,4.0,4.0,4.0
hardware,stock-low-power,2,parent_response_to_ack_ms,100,4.0075351,0.0005329765947065591,4.007816,0.0009540000000001214,4.006863,4.007101,4.008055,4.008055,4.006863,4.009008,4.0075422125
otns,stock-low-power,2,parent_response_ack_to_child_id_request_ms,99,488.1111919191919,151.57522502635226,462.24,252.13999999999993,260.848,360.604,612.7439999999999,726.8848,243.24,740.488,487.20296296296294
hardware,stock-low-power,2,parent_response_ack_to_child_id_request_ms,100,510.55136201,140.30864021828037,520.694971,197.68005600000004,271.6899396,414.13307175,611.81312775,722.1028091,241.044044,734.102964,514.502108075
otns,stock-low-power,2,child_id_request_to_ack_ms,99,3.84,0.0,3.84,0.0,3.84,3.84,3.84,3.84,3.84,3.84,3.84
hardware,stock-low-power,2,child_id_request_to_ack_ms,100,3.84755366,0.0005045303090272697,3.847837,0.0009539999999996773,3.846884,3.847122,3.848076,3.848076,3.846884,3.848791,3.8475631375
otns,stock-low-power,2,child_id_request_ack_to_child_id_response_ms,99,1.7408484848484849,0.9593071092565352,1.576,1.2800000000000002,0.616,0.936,2.216,3.847999999999998,0.616,4.776,1.6076049382716049
hardware,stock-low-power,2,child_id_request_ack_to_child_id_response_ms,100,10.00370979,0.9861959452268524,9.974599,1.5903117499999997,8.486950199999999,9.203136,10.79344775,11.570679799999999,8.280993,12.131929,9.978944049999999
otns,stock-low-power,2,adjusted_parent_request_to_response_ms,,,,,,,,,,,,
hardware,stock-low-power,2,adjusted_parent_request_to_response_ms,100,9.79111629,0.9202835922765769,9.892064000000001,1.3653580000000005,8.065933549999999,9.106064,10.471422,11.3029259,7.742964,11.462048,9.812633875
otns,stock-low-power,3,parent_request_to_response_ms,99,264.58482828282825,150.07227634893744,247.736,284.62000000000006,57.096000000000004,126.676,411.29600000000005,488.7992,5.016,499.344,264.25111111111113
hardware,stock-low-power,3,parent_request_to_response_ms,97,255.1523828041237,145.23895813069083,241.384983,245.82982,41.1511896,139.436007,385.265827,480.60989379999984,13.906002,505.280018,253.67121758227847
otns,stock-low-power,3,parent_response_to_child_id_request_ms,99,485.4340606060606,150.07249505460572,501.6,284.7320000000001,260.092,339.448,624.1800000000001,690.9479999999999,251.84,744.96,485.82327160493827
hardware,stock-low-power,3,parent_response_to_child_id_request_ms,97,496.26698441237113,145.27755541415826,510.612011,245.836973,270.8021162,365.72814,611.565113,709.3149185999999,244.967937,738.206148,497.7655229493671
otns,stock-low-power,3,child_id_request_to_response_ms,99,5.668121212121212,0.9371681973134056,5.416,0.96,4.456,5.096,6.056,7.656,4.456,8.936,5.570074074074074
hardware,stock-low-power,3,child_id_request_to_response_ms,97,13.904864,0.9414527808033134,13.936043,1.271248,12.3655318,13.206959,14.478207,15.696811799999999,12.237072,15.915155,13.879881607594937
otns,stock-low-power,3,full_attach_ms,99,755.6870101010101,1.5177536468577497,755.68,2.102999999999952,753.3112000000001,754.64,756.7429999999999,758.5296,752.536,759.392,755.6546296296297
hardware,stock-low-power,3,full_attach_ms,97,765.3242312268042,1.607881797538635,765.63406,2.0010469999999714,762.5770566,764.286995,766.288042,767.821598,761.240005,769.299984,765.3742439620253
otns,stock-low-power,3,parent_request_to_ack_ms,,,,,,,,,,,,
hardware,stock-low-power,3,parent_request_to_ack_ms,,,,,,,,,,,,
otns,stock-low-power,3,parent_request_ack_to_parent_response_ms,,,,,,,,,,,,
hardware,stock-low-power,3,parent_request_ack_to_parent_response_ms,,,,,,,,,,,,
otns,stock-low-power,3,parent_response_to_ack_ms,99,4.0,0.0,4.0,0.0,4.0,4.0,4.0,4.0,4.0,4.0,4.0
hardware,stock-low-power,3,parent_response_to_ack_ms,97,4.007523938144329,0.0005075462789742996,4.007816,0.0009540000000001214,4.006863,4.007101,4.008055,4.008055,4.006863,4.008055,4.007538734177215
otns,stock-low-power,3,parent_response_ack_to_child_id_request_ms,99,481.4340606060606,150.07249505460572,497.6,284.7320000000001,256.092,335.448,620.1800000000001,686.9479999999999,247.84,740.96,481.82327160493827
hardware,stock-low-power,3,parent_response_ack_to_child_id_request_ms,97,492.259460628866,145.27751100829607,506.60491,245.836973,266.794062,361.720085,607.557058,705.3078652,240.960836,734.199047,493.75800846835443
otns,stock-low-power,3,child_id_request_to_ack_ms,99,3.84,0.0,3.84,0.0,3.84,3.84,3.84,3.84,3.84,3.84,3.84
hardware,stock-low-power,3,child_id_request_to_ack_ms,97,3.847596587628866,0.0005564959147905236,3.847837,0.0009539999999996773,3.846884,3.847122,3.848076,3.848076,3.846884,3.84903,3.847599
otns,stock-low-power,3,child_id_request_ack_to_child_id_response_ms,99,1.828121212121212,0.9371681973134057,1.576,0.9600000000000002,0.616,1.256,2.216,3.816,0.616,5.096,1.730074074074074
hardware,stock-low-power,3,child_id_request_ack_to_child_id_response_ms,97,10.057267474226805,0.9414420727713646,10.088921,1.2700560000000003,8.5182666,9.360075,10.630131,11.849689399999999,8.388996,12.068033,10.032249430379746
otns,stock-low-power,3,adjusted_parent_request_to_response_ms,,,,,,,,,,,,
hardware,stock-low-power,3,adjusted_parent_request_to_response_ms,97,9.770939505154638,1.0038283320709869,9.857933,1.3958449999999996,7.8330302,9.0,10.395845,11.3314176,7.668053,12.728903,9.786133037974684
otns,stock-low-power,4,parent_request_to_response_ms,96,244.29384375,149.91860711826465,248.436,272.562,26.165999999999997,101.676,374.238,480.168,4.736,496.048,242.93980769230768
hardware,stock-low-power,4,parent_request_to_response_ms,92,281.27574664130435,134.03175726836972,308.006525,244.28909975000005,76.75954095,151.90923225,396.19833200000005,471.43514130000005,35.03418,508.68392,283.478753
otns,stock-low-power,4,parent_response_to_child_id_request_ms,96,505.59063541666666,149.8805454999779,500.352,272.01399999999995,267.36199999999997,374.786,646.8,724.39,254.52,744.552,506.9162692307692
hardware,stock-low-power,4,parent_response_to_child_id_request_ms,92,470.3188045869565,134.47193739479002,443.65847099999996,245.07367599999992,279.4609067,354.9172875,599.9909634999999,675.0514864,242.307901,719.669819,468.17396135135135
otns,stock-low-power,4,child_id_request_to_response_ms,96,5.849333333333333,1.3335971668794036,5.736,0.96,4.456,5.096,6.056,8.616,4.456,13.416,5.629333333333333
hardware,stock-low-power,4,child_id_request_to_response_ms,92,13.978279206521739,1.0127072520944504,13.932586,1.4223457499999999,12.6778721,13.1378175,14.56016325,15.811813200000001,12.303114,16.73913,13.910596486486487
otns,stock-low-power,4,full_attach_ms,96,755.7338125,1.7414479958840026,755.552,2.466000000000008,753.514,754.392,756.8580000000001,758.658,751.528,761.8,755.6283846153847
hardware,stock-low-power,4,full_attach_ms,92,765.5728303478261,1.8937553726039233,765.547037,2.317011500000035,762.36910815,764.3012405,766.618252,768.6439870500001,761.233091,769.9821,765.5672607837838
otns,stock-low-power,4,parent_request_to_ack_ms,,,,,,,,,,,,
hardware,stock-low-power,4,parent_request_to_ack_ms,,,,,,,,,,,,
otns,stock-low-power,4,parent_request_ack_to_parent_response_ms,,,,,,,,,,,,
hardware,stock-low-power,4,parent_request_ack_to_parent_response_ms,,,,,,,,,,,,
otns,stock-low-power,4,parent_response_to_ack_ms,96,4.0,0.0,4.0,0.0,4.0,4.0,4.0,4.0,4.0,4.0,4.0
hardware,stock-low-power,4,parent_response_to_ack_ms,92,4.007557282608696,0.0005309503055342594,4.007816,0.0009540000000001214,4.006863,4.007101,4.008055,4.008055,4.006863,4.009008,4.007568310810811
otns,stock-low-power,4,parent_response_ack_to_child_id_request_ms,96,501.59063541666666,149.8805454999779,496.352,272.01399999999995,263.36199999999997,370.786,642.8,720.39,250.52,740.552,502.9162692307692
hardware,stock-low-power,4,parent_response_ack_to_child_id_request_ms,92,466.3112475,134.47194591678715,439.650536,245.07367600000003,275.45285215,350.909293,595.982969,671.0435389500001,238.3008,715.662003,464.1663899864865
otns,stock-low-power,4,child_id_request_to_ack_ms,96,3.84,0.0,3.84,0.0,3.84,3.84,3.84,3.84,3.84,3.84,3.84
hardware,stock-low-power,4,child_id_request_to_ack_ms,92,3.847679358695652,0.0005467962752494867,3.847837,0.0009539999999996773,3.846884,3.847122,3.848076,3.848076,3.846884,3.84903,3.8476891756756757
otns,stock-low-power,4,child_id_request_ack_to_child_id_response_ms,96,2.009333333333333,1.3335971668794036,1.896,0.9600000000000002,0.616,1.256,2.216,4.776,0.616,9.576,1.7893333333333334
hardware,stock-low-power,4,child_id_request_ack_to_child_id_response_ms,92,10.13059975,1.0126648849515882,10.085106,1.4221072499999998,8.83003465,9.28998,10.71208725,11.96429695,8.455992,12.891054,10.062968364864865
otns,stock-low-power,4,adjusted_parent_request_to_response_ms,,,,,,,,,,,,
hardware,stock-low-power,4,adjusted_parent_request_to_response_ms,92,9.677920554347827,1.0807880440674937,9.6729745,1.6343904999999985,7.7870183,8.85832425,10.49271475,11.1581174,7.644073,13.360962,9.659668418918919
otns,ucast,2,parent_request_to_response_ms,100,247.26752,147.35504569839938,247.78,256.91200000000003,20.974,121.452,378.36400000000003,463.6504,15.44,493.472,247.0647
hardware,ucast,2,parent_request_to_response_ms,100,269.48597196000003,139.72392082854964,298.338056,241.116226,37.3549339,142.2054765,383.3217025,475.51853700000004,11.835098,501.063108,272.1865416
otns,ucast,2,parent_response_to_child_id_request_ms,100,5.9248,1.274407986938138,5.736,1.04,4.616,5.176,6.216,8.136,4.616,13.576,5.732
hardware,ucast,2,parent_response_to_child_id_request_ms,100,10.4754472,0.8740554069525049,10.5575325,1.7229912499999998,9.387934549999999,9.463489,11.186480249999999,11.7503287,8.952856,12.144089,10.4534894375
otns,ucast,2,child_id_request_to_response_ms,100,5.6752,1.3164074773658216,5.416,1.2800000000000002,4.456,4.776,6.056,8.311999999999998,4.456,12.136,5.428
hardware,ucast,2,child_id_request_to_response_ms,100,13.83901832,0.9263553132842807,13.9945745,1.568674999999999,12.465178799999999,12.945771,14.514446,14.89086115,12.178898,17.831802,13.8307094375
otns,ucast,2,full_attach_ms,100,258.86752,147.64357458929476,259.73199999999997,257.71799999999996,31.724,132.044,389.762,475.8216,24.832,505.744,258.7607
hardware,ucast,2,full_attach_ms,100,293.80043744,139.95859241011914,322.6139545,240.08685325,60.70431445,168.00200975,408.088863,499.87015725000003,35.038948,524.06311,296.51186465
otns,ucast,2,parent_request_to_ack_ms,100,2.56,0.0,2.56,0.0,2.56,2.56,2.56,2.56,2.56,2.56,2.56
hardware,ucast,2,parent_request_to_ack_ms,100,2.56755137,0.0005477857661126627,2.568007,0.0009540000000001214,2.566814,2.567053,2.568007,2.568007,2.566814,2.56896,2.5675627625
otns,ucast,2,parent_request_ack_to_parent_response_ms,100,244.70752,147.35504569839938,245.22,256.91200000000003,18.414,118.892,375.80400000000003,461.0904,12.88,490.912,244.50469999999999
hardware,ucast,2,parent_request_ack_to_parent_response_ms,100,266.9184208,139.72398160843275,295.770526,241.11622525,34.78811985,139.63770875,380.753934,472.95053005,9.267092,498.495102,269.618997
otns,ucast,2,parent_response_to_ack_ms,100,4.0,0.0,4.0,0.0,4.0,4.0,4.0,4.0,4.0,4.0,4.0
hardware,ucast,2,parent_response_to_ack_ms,100,4.0075565399999995,0.0005004595750533694,4.007816,0.0009540000000001214,4.006863,4.007101,4.008055,4.008055,4.006863,4.008055,4.007580925
otns,ucast,2,parent_response_ack_to_child_id_request_ms,100,1.9248,1.274407986938138,1.736,1.0400000000000003,0.616,1.176,2.216,4.136,0.616,9.576,1.732
hardware,ucast,2,parent_response_ack_to_child_id_request_ms,100,6.46789072,0.8740246812965969,6.549597,1.7225149999999996,5.38105965,5.4561495,7.1786645,7.742273699999999,4.945993,8.136034,6.4459294125
otns,ucast,2,child_id_request_to_ack_ms,100,3.84,0.0,3.84,0.0,3.84,3.84,3.84,3.84,3.84,3.84,3.84
hardware,ucast,2,child_id_request_to_ack_ms,100,3.8475584400000002,0.0005326248005695002,3.847837,0.0009539999999996773,3.846884,3.847122,3.848076,3.848076,3.846884,3.84903,3.8475542000000003
otns,ucast,2,child_id_request_ack_to_child_id_response_ms,100,1.8352,1.3164074773658216,1.576,1.2800000000000002,0.616,0.936,2.216,4.4719999999999995,0.616,8.296,1.588
hardware,ucast,2,child_id_request_ack_to_child_id_response_ms,100,9.99145983,0.9263236114872867,10.1475715,1.568377,8.6182829,9.09847025,10.66684725,11.0439185,8.330822,13.983965,9.9831640375
otns,ucast,2,adjusted_parent_request_to_response_ms,,,,,,,,,,,,
hardware,ucast,2,adjusted_parent_request_to_response_ms,100,10.23597196,1.0955055038042634,10.1645225,1.7214917500000002,8.36625245,9.41544225,11.136934,11.99834,8.177866,12.115015,10.2422056625
otns,ucast,3,parent_request_to_response_ms,97,260.6918762886598,134.97544151987256,250.08,220.30400000000003,55.544000000000004,156.44,376.744,471.6896,11.12,496.12,260.4632911392405
hardware,ucast,3,parent_request_to_response_ms,98,250.4835298979592,146.9931305076096,244.081497,269.1205735,42.18547305,129.972339,399.0929125,473.5832809,10.535002,503.407955,248.990765225
otns,ucast,3,parent_response_to_child_id_request_ms,97,5.915793814432989,1.511424534573705,5.576,1.2800000000000002,4.616,4.936,6.216,9.159999999999997,4.616,12.936,5.608405063291139
hardware,ucast,3,parent_response_to_child_id_request_ms,98,10.511466418367347,0.8813417086087321,10.6109385,1.865863499999998,9.3825341,9.470343750000001,11.33620725,11.765396299999999,8.905888,12.328148,10.506457075
otns,ucast,3,child_id_request_to_response_ms,97,5.706309278350515,1.425918164441371,5.416,1.2800000000000002,4.456,4.776,6.056,8.616,4.456,13.096,5.4281518987341775
hardware,ucast,3,child_id_request_to_response_ms,98,13.969183,0.8289429979346883,14.184832499999999,1.1700392500000003,12.51972945,13.4208205,14.59085975,14.90560805,12.032032,15.712023,14.012926825
otns,ucast,3,full_attach_ms,97,272.3139793814433,134.77930515738646,260.432,224.78400000000002,65.896,166.792,391.576,482.4255999999999,21.792,506.472,272.1479493670886
hardware,ucast,3,full_attach_ms,98,274.96417929591837,147.08238125618718,268.7149045,270.49452075,65.207183,153.84036325,424.334884,498.71758194999995,36.530018,527.605057,273.478412625
otns,ucast,3,parent_request_to_ack_ms,97,2.56,0.0,2.56,0.0,2.56,2.56,2.56,2.56,2.56,2.56,2.56
hardware,ucast,3,parent_request_to_ack_ms,98,2.5675518163265307,0.0005752050525806198,2.568007,0.0009540000000001214,2.566814,2.567053,2.568007,2.568007,2.565861,2.569199,2.5675687125
otns,ucast,3,parent_request_ack_to_parent_response_ms,97,258.1318762886598,134.97544151987256,247.52,220.30400000000003,52.98400000000001,153.88,374.184,469.1296,8.56,493.56,257.90329113924054
hardware,ucast,3,parent_request_ack_to_parent_response_ms,98,247.91597834693877,146.9933314489255,241.513491,269.12152825,39.617467049999995,127.4045105,396.52603875,471.0162279,7.967949,500.840902,246.4232266
otns,ucast,3,parent_response_to_ack_ms,97,4.0,0.0,4.0,0.0,4.0,4.0,4.0,4.0,4.0,4.0,4.0
hardware,ucast,3,parent_response_to_ack_ms,98,4.007512326530612,0.0005143909976506923,4.007816,0.0009540000000001214,4.006863,4.007101,4.008055,4.008055,4.006863,4.008055,4.007524324999999
otns,ucast,3,parent_response_ack_to_child_id_request_ms,97,1.9157938144329898,1.5114245345737047,1.576,1.2800000000000002,0.616,0.936,2.216,5.159999999999997,0.616,8.936,1.6084050632911393
hardware,ucast,3,parent_response_ack_to_child_id_request_ms,98,6.503954204081633,0.8813084689818504,6.6030025000000006,1.8656255000000002,5.3744791,5.462766,7.3283915,7.75839105,4.899025,8.320093,6.4989388125
otns,ucast,3,child_id_request_to_ack_ms,97,3.84,0.0,3.84,0.0,3.84,3.84,3.84,3.84,3.84,3.84,3.84
hardware,ucast,3,child_id_request_to_ack_ms,98,3.8475796020408164,0.0005516562268052026,3.847837,0.0011919999999996378,3.846884,3.846884,3.848076,3.848076,3.846884,3.84903,3.8475900875
otns,ucast,3,child_id_request_ack_to_child_id_response_ms,97,1.8663092783505155,1.425918164441371,1.576,1.2800000000000002,0.616,0.936,2.216,4.776,0.616,9.256,1.5881518987341772
hardware,ucast,3,child_id_request_ack_to_child_id_response_ms,98,10.12160342857143,0.8288663906351345,10.336995,1.17099275,8.67264245,9.5727445,10.74373725,11.05771085,8.18491,11.863947,10.1653009875
otns,ucast,3,adjusted_parent_request_to_response_ms,,,,,,,,,,,,
hardware,ucast,3,adjusted_parent_request_to_response_ms,98,10.208019693877551,1.0415405244397626,10.302575999999998,1.4147697500000014,8.28189395,9.477542249999999,10.892312,11.85059075,8.08297,12.054878,10.2372780125
otns,ucast,4,parent_request_to_response_ms,95,263.63393684210524,147.94571940179654,281.168,250.20800000000003,26.3096,140.512,390.72,476.50559999999996,5.04,501.8,266.37194805194804
hardware,ucast,4,parent_request_to_response_ms,96,251.45845857291667,138.85799744056982,227.424383,257.39657850000003,60.433268749999996,132.59780425,389.99438275,463.85502799999995,12.49814,492.306948,249.06633753846154
otns,ucast,4,parent_response_to_child_id_request_ms,95,6.088,1.6090975401190015,5.576,0.96,4.616,5.256,6.216,8.776,4.616,13.576,5.79625974025974
hardware,ucast,4,parent_response_to_child_id_request_ms,96,10.488294052083333,0.9226932639892891,10.4584695,1.8050669999999993,9.326577,9.44447525,11.24954225,11.939764499999999,8.960009,12.175083,10.46231767948718
otns,ucast,4,child_id_request_to_response_ms,95,5.6854736842105265,1.062669629433997,5.416,0.96,4.456,5.096,6.056,8.296,4.456,9.256,5.524051948051948
hardware,ucast,4,child_id_request_to_response_ms,96,13.9255771875,0.9810438451794873,14.065385,1.4865992499999994,12.358248249999999,13.104618,14.59121725,14.92196275,12.227058,18.744946,13.917226051282052
otns,ucast,4,full_attach_ms,95,275.4074105263158,148.11777467886506,292.8,251.00799999999998,37.3976,151.50400000000002,402.512,487.33759999999995,15.392,513.112,278.353038961039
hardware,ucast,4,full_attach_ms,96,275.87232989583333,138.7994117486219,252.42686300000003,257.11441075,84.863722,155.8897495,413.00416025,488.932669,34.898043,516.315937,273.4941947692308
otns,ucast,4,parent_request_to_ack_ms,95,2.56,0.0,2.56,0.0,2.56,2.56,2.56,2.56,2.56,2.56,2.56
hardware,ucast,4,parent_request_to_ack_ms,96,2.567515010416667,0.0005303260068812771,2.567768,0.0009540000000001214,2.566814,2.567053,2.568007,2.568007,2.566814,2.56896,2.56752691025641
otns,ucast,4,parent_request_ack_to_parent_response_ms,95,261.07393684210524,147.94571940179654,278.608,250.20799999999997,23.7496,137.952,388.15999999999997,473.94559999999996,2.48,499.24,263.81194805194804
hardware,ucast,4,parent_request_ack_to_parent_response_ms,96,248.89094390625,138.85796834765026,224.8574495,257.39580425,57.86639425,130.03081075,387.426615,461.287022,9.931087,489.738941,246.4988477179487
otns,ucast,4,parent_response_to_ack_ms,95,4.0,0.0,4.0,0.0,4.0,4.0,4.0,4.0,4.0,4.0,4.0
hardware,ucast,4,parent_response_to_ack_ms,96,4.007540770833333,0.0005581287811996862,4.007816,0.0009540000000001214,4.006863,4.007101,4.008055,4.008055,4.006863,4.009008,4.007535205128205
otns,ucast,4,parent_response_ack_to_child_id_request_ms,95,2.088,1.6090975401190013,1.576,0.9600000000000002,0.616,1.256,2.216,4.776,0.616,9.576,1.7962597402597402
hardware,ucast,4,parent_response_ack_to_child_id_request_ms,96,6.4807534375,0.9226738638111213,6.451487500000001,1.8057227500000002,5.31971475,5.43665875,7.2423815000000005,7.93248375,4.951954,8.167982,6.454779564102564
otns,ucast,4,child_id_request_to_ack_ms,95,3.84,0.0,3.84,0.0,3.84,3.84,3.84,3.84,3.84,3.84,3.84
hardware,ucast,4,child_id_request_to_ack_ms,96,3.8475692083333333,0.0005121981712838586,3.847837,0.0009539999999996773,3.846884,3.847122,3.848076,3.848076,3.846884,3.848076,3.8475897948717948
otns,ucast,4,child_id_request_ack_to_child_id_response_ms,95,1.8454736842105264,1.062669629433997,1.576,0.9600000000000002,0.616,1.256,2.216,4.456,0.616,5.416,1.684051948051948
hardware,ucast,4,child_id_request_ack_to_child_id_response_ms,96,10.078007947916667,0.981115483241401,10.218024,1.4873149999999988,8.51130475,9.257018500000001,10.7443335,11.0749005,8.380175,14.898062,10.069636166666667
otns,ucast,4,adjusted_parent_request_to_response_ms,,,,,,,,,,,,
hardware,ucast,4,adjusted_parent_request_to_response_ms,96,10.250125239583333,1.005315707170384,10.329435499999999,1.4566865,8.505684500000001,9.45439,10.9110765,11.9308525,8.18504,12.484932,10.25560017948718
otns,fast-attach-corrected,2,parent_request_to_response_ms,99,19.29010101010101,8.718748952448125,17.416,14.48,7.696,11.876000000000001,26.356,33.11999999999999,4.376,36.336,19.063012345679013
hardware,fast-attach-corrected,2,parent_request_to_response_ms,100,26.46969559,9.413350518279296,27.3364785,14.823258250000002,12.321722150000001,18.460512,33.28377025,39.9341102,9.482145,43.104887,26.50763395
otns,fast-attach-corrected,2,parent_response_to_child_id_request_ms,99,5.647111111111111,0.9080421738934602,5.576,0.96,4.616,4.936,5.896,7.527999999999999,4.616,8.456,5.524641975308642
hardware,fast-attach-corrected,2,parent_response_to_child_id_request_ms,100,10.875020020000001,0.8204459039186116,11.1110215,1.298427499999999,9.583687300000001,10.216116750000001,11.51454425,12.0338086,9.215117,12.151003,10.9051287375
otns,fast-attach-corrected,2,child_id_request_to_response_ms,99,5.671353535353536,1.1519453936988089,5.416,1.2800000000000002,4.456,4.776,6.056,8.296,4.456,10.536,5.487111111111111
hardware,fast-attach-corrected,2,child_id_request_to_response_ms,100,13.79788406,0.9324246054489026,13.7114525,1.4160874999999997,12.4255066,13.0182505,14.434338,15.587854049999999,12.080193,15.904903,13.7644738625
otns,fast-attach-corrected,2,full_attach_ms,99,30.608565656565656,8.835433172755994,30.288,14.439999999999998,17.764,23.188000000000002,37.628,44.50719999999999,15.368,47.608,30.44553086419753
hardware,fast-attach-corrected,2,full_attach_ms,100,51.14259956,9.433985693680658,52.301407,15.548765750000001,36.76514635,42.924940500000005,58.473706250000006,65.00762695,34.143925,68.412781,51.189440475
otns,fast-attach-corrected,2,parent_request_to_ack_ms,,,,,,,,,,,,
hardware,fast-attach-corrected,2,parent_request_to_ack_ms,,,,,,,,,,,,
otns,fast-attach-corrected,2,parent_request_ack_to_parent_response_ms,,,,,,,,,,,,
hardware,fast-attach-corrected,2,parent_request_ack_to_parent_response_ms,,,,,,,,,,,,
otns,fast-attach-corrected,2,parent_response_to_ack_ms,99,4.0,0.0,4.0,0.0,4.0,4.0,4.0,4.0,4.0,4.0,4.0
hardware,fast-attach-corrected,2,parent_response_to_ack_ms,100,4.00753034,0.0005336682891349634,4.007816,0.0009540000000001214,4.006863,4.007101,4.008055,4.008055,4.006863,4.009008,4.0075362624999995
otns,fast-attach-corrected,2,parent_response_ack_to_child_id_request_ms,99,1.6471111111111112,0.9080421738934602,1.576,0.9599999999999999,0.616,0.936,1.896,3.5279999999999982,0.616,4.456,1.524641975308642
hardware,fast-attach-corrected,2,parent_response_ack_to_child_id_request_ms,100,6.86748987,0.8203759652836767,7.1039200000000005,1.2985462500000002,5.5756452,6.2089565,7.5075027500000004,8.02597975,5.208015,8.143902,6.8975717375
otns,fast-attach-corrected,2,child_id_request_to_ack_ms,99,3.84,0.0,3.84,0.0,3.84,3.84,3.84,3.84,3.84,3.84,3.84
hardware,fast-attach-corrected,2,child_id_request_to_ack_ms,100,3.84758471,0.0005081102698858711,3.847837,0.0009539999999996773,3.846884,3.847122,3.848076,3.848076,3.846884,3.848076,3.8476108875
otns,fast-attach-corrected,2,child_id_request_ack_to_child_id_response_ms,99,1.8313535353535353,1.151945393698809,1.576,1.2800000000000002,0.616,0.936,2.216,4.456,0.616,6.696,1.6471111111111112
hardware,fast-attach-corrected,2,child_id_request_ack_to_child_id_response_ms,100,9.95029926,0.9324145531631285,9.8639725,1.41704075,8.57839555,9.1701745,10.58721525,11.739790000000001,8.23307,12.057066,9.916895625
otns,fast-attach-corrected,2,adjusted_parent_request_to_response_ms,,,,,,,,,,,,
hardware,fast-attach-corrected,2,adjusted_parent_request_to_response_ms,100,9.80969559,1.059211083869081,9.7803765,1.5816272499999986,7.70806245,9.0524985,10.634125749999999,11.2973368,7.569025,11.457932,9.8700381875
otns,fast-attach-corrected,3,parent_request_to_response_ms,99,35.75264646464647,20.496204548255793,33.336,28.895999999999994,8.28,18.716,47.611999999999995,75.376,4.376,87.336,34.288197530864196
hardware,fast-attach-corrected,3,parent_request_to_response_ms,99,36.56750014141414,20.490723275717748,33.645868,27.678489999999996,11.1220123,18.553972,46.232462,77.65459999999999,9.695053,88.841915,34.655406160493825
otns,fast-attach-corrected,3,parent_response_to_child_id_request_ms,99,6.376484848484848,2.856433699004566,5.896,1.12,4.616,5.096,6.216,12.199999999999989,4.616,21.064,5.698469135802469
hardware,fast-attach-corrected,3,parent_response_to_child_id_request_ms,99,11.854270515151516,2.462650118782031,11.363983,1.641392999999999,9.3456981,10.398984,12.040377,16.7852882,9.19795,22.534132,11.42452087654321
otns,fast-attach-corrected,3,child_id_request_to_response_ms,99,6.194989898989899,2.4422561896359882,5.416,0.96,4.456,5.096,6.056,11.879999999999997,4.456,19.496,5.664888888888889
hardware,fast-attach-corrected,3,child_id_request_to_response_ms,99,14.416181666666667,2.7731077250432947,13.872862,1.6314984999999993,12.320208300000001,13.055443499999999,14.686941999999998,18.887114599999997,12.188196,32.710075,13.884179395061729
otns,fast-attach-corrected,3,full_attach_ms,99,48.32412121212121,20.873166021000735,46.608,25.216000000000008,20.58,33.208,58.42400000000001,87.996,14.728,98.008,46.97313580246914
hardware,fast-attach-corrected,3,full_attach_ms,99,62.837952303030306,21.19710801398784,58.690071,30.33447299999999,36.2121579,45.0556275,75.39010049999999,106.3944574,33.185005,115.849972,60.929810567901235
otns,fast-attach-corrected,3,parent_request_to_ack_ms,,,,,,,,,,,,
hardware,fast-attach-corrected,3,parent_request_to_ack_ms,,,,,,,,,,,,
otns,fast-attach-corrected,3,parent_request_ack_to_parent_response_ms,,,,,,,,,,,,
hardware,fast-attach-corrected,3,parent_request_ack_to_parent_response_ms,,,,,,,,,,,,
otns,fast-attach-corrected,3,parent_response_to_ack_ms,99,4.0,0.0,4.0,0.0,4.0,4.0,4.0,4.0,4.0,4.0,4.0
hardware,fast-attach-corrected,3,parent_response_to_ack_ms,99,4.007503323232323,0.0005227981392992084,4.007816,0.0009540000000001214,4.006863,4.007101,4.008055,4.008055,4.006863,4.009008,4.007501407407407
otns,fast-attach-corrected,3,parent_response_ack_to_child_id_request_ms,99,2.3764848484848486,2.8564336990045653,1.896,1.12,0.616,1.096,2.216,8.199999999999987,0.616,17.064,1.6984691358024693
hardware,fast-attach-corrected,3,parent_response_ack_to_child_id_request_ms,99,7.8467672323232325,2.462673957485767,7.356167,1.6404390000000006,5.3378821,6.392002,8.032441,12.778187099999998,5.191088,18.526077,7.416995913580247
otns,fast-attach-corrected,3,child_id_request_to_ack_ms,99,3.84,0.0,3.84,0.0,3.84,3.84,3.84,3.84,3.84,3.84,3.84
hardware,fast-attach-corrected,3,child_id_request_to_ack_ms,99,3.8476953535353537,0.0005130729811063063,3.848076,0.0009539999999996773,3.846884,3.847122,3.848076,3.848076,3.846884,3.848791,3.8477255555555554
otns,fast-attach-corrected,3,child_id_request_ack_to_child_id_response_ms,99,2.354989898989899,2.4422561896359882,1.576,0.9600000000000002,0.616,1.256,2.216,8.039999999999996,0.616,15.656,1.824888888888889
hardware,fast-attach-corrected,3,child_id_request_ack_to_child_id_response_ms,99,10.568486333333333,2.7730834005035048,10.024071,1.6320944999999991,8.473206,9.207964,10.8400585,15.039038699999995,8.341074,28.862,10.03646261728395
otns,fast-attach-corrected,3,adjusted_parent_request_to_response_ms,,,,,,,,,,,,
hardware,fast-attach-corrected,3,adjusted_parent_request_to_response_ms,99,9.789722363636363,1.056396495064645,9.806076,1.653531000000001,7.7925929,8.940984499999999,10.5945155,11.397069199999999,7.570051,11.45896,9.831820395061728
otns,fast-attach-corrected,4,parent_request_to_response_ms,98,28.66155102040816,22.58023821070117,20.856,27.309999999999995,5.2940000000000005,11.656,38.965999999999994,75.36599999999993,4.056,104.136,25.586199999999998
hardware,fast-attach-corrected,4,parent_request_to_response_ms,97,39.345379927835054,23.168893090905616,33.896923,27.861356999999998,13.4031298,22.40777,50.269127,87.35208479999999,10.58197,107.720137,36.38410563291139
otns,fast-attach-corrected,4,parent_response_to_child_id_request_ms,98,5.967183673469387,1.5691510564892126,5.576,0.96,4.616,5.256,6.216,8.456,4.616,17.736,5.716
hardware,fast-attach-corrected,4,parent_response_to_child_id_request_ms,97,12.400201948453608,4.3029598482310565,11.07502,1.6150479999999998,9.6393106,10.396957,12.012005,20.15094779999995,9.379148,35.312891,11.399383835443038
otns,fast-attach-corrected,4,child_id_request_to_response_ms,98,6.166693877551021,2.6058823086152376,5.416,1.2000000000000002,4.456,4.776,5.976,13.454399999999998,4.456,15.656,5.4884
hardware,fast-attach-corrected,4,child_id_request_to_response_ms,97,14.98004087628866,3.167174189443924,14.184952,1.4538770000000003,12.4458316,13.442039,14.895916,21.79169699999997,12.072086,28.692961,14.303982987341772
otns,fast-attach-corrected,4,full_attach_ms,98,40.79542857142857,23.09786447932264,33.248,26.509999999999998,16.328,23.728,50.238,86.4155999999999,15.048,115.128,37.5003
hardware,fast-attach-corrected,4,full_attach_ms,97,66.72562269072165,24.939102799048033,60.989141,27.807236000000003,37.5801564,48.476934,76.28417,115.59014299999998,35.208941,148.388863,63.58495535443038
otns,fast-attach-corrected,4,parent_request_to_ack_ms,,,,,,,,,,,,
hardware,fast-attach-corrected,4,parent_request_to_ack_ms,,,,,,,,,,,,
otns,fast-attach-corrected,4,parent_request_ack_to_parent_response_ms,,,,,,,,,,,,
hardware,fast-attach-corrected,4,parent_request_ack_to_parent_response_ms,,,,,,,,,,,,
otns,fast-attach-corrected,4,parent_response_to_ack_ms,98,4.0,0.0,4.0,0.0,4.0,4.0,4.0,4.0,4.0,4.0,4.0
hardware,fast-attach-corrected,4,parent_response_to_ack_ms,97,4.007499350515464,0.0005100801416042997,4.007816,0.0009540000000001214,4.006863,4.007101,4.008055,4.008055,4.006863,4.008055,4.007508544303797
otns,fast-attach-corrected,4,parent_response_ack_to_child_id_request_ms,98,1.9671836734693877,1.5691510564892126,1.576,0.9600000000000002,0.616,1.256,2.216,4.456,0.616,13.736,1.716
hardware,fast-attach-corrected,4,parent_response_ack_to_child_id_request_ms,97,8.392702711340206,4.302935378896101,7.067204,1.6160009999999998,5.6322578000000005,6.388903,8.004904,16.14384639999995,5.372047,31.306028,7.391899493670886
otns,fast-attach-corrected,4,child_id_request_to_ack_ms,98,3.84,0.0,3.84,0.0,3.84,3.84,3.84,3.84,3.84,3.84,3.84
hardware,fast-attach-corrected,4,child_id_request_to_ack_ms,97,3.84760393814433,0.0005286375927487666,3.847837,0.0009539999999996773,3.846884,3.847122,3.848076,3.848076,3.846884,3.84903,3.847620101265823
otns,fast-attach-corrected,4,child_id_request_ack_to_child_id_response_ms,98,2.3266938775510204,2.605882308615238,1.576,1.2000000000000002,0.616,0.936,2.136,9.614399999999998,0.616,11.816,1.6484
hardware,fast-attach-corrected,4,child_id_request_ack_to_child_id_response_ms,97,11.132436927835052,3.1671584084094158,10.33783,1.453876000000001,8.5989476,9.595156,11.049032,17.94462179999997,8.225203,24.844885,10.456359848101267
otns,fast-attach-corrected,4,adjusted_parent_request_to_response_ms,,,,,,,,,,,,
hardware,fast-attach-corrected,4,adjusted_parent_request_to_response_ms,97,9.87115312371134,0.9327424390009064,9.867949,1.5236199999999993,8.4695056,9.098179,10.621799,11.375734799999998,7.720137,11.518047,9.866099291139241
otns,fast-attach-ucast-1,2,parent_request_to_response_ms,98,5.263673469387755,2.554138371371765,4.48,1.6480000000000001,3.16,3.7920000000000003,5.44,10.414399999999986,3.16,16.32,4.7389
hardware,fast-attach-ucast-1,2,parent_request_to_response_ms,97,11.395225793814433,1.0184564438356678,11.548042,1.6860969999999984,9.851598800000001,10.451078,12.137175,12.8549098,9.140015,13.075113,11.431606481012658
otns,fast-attach-ucast-1,2,parent_response_to_child_id_request_ms,98,6.2551836734693875,2.338123167264228,5.576,1.2800000000000002,4.616,4.936,6.216,10.743999999999996,4.616,17.096,5.74
hardware,fast-attach-ucast-1,2,parent_response_to_child_id_request_ms,97,10.583641536082474,0.8167575327656925,10.666847,1.285076,9.4976428,9.895086,11.180162,11.883020199999999,9.322166,12.497902,10.551419367088608
otns,fast-attach-ucast-1,2,child_id_request_to_response_ms,98,5.854857142857143,1.67164619154016,5.416,1.2800000000000002,4.456,4.776,6.056,8.616,4.456,14.824,5.564
hardware,fast-attach-ucast-1,2,child_id_request_to_response_ms,97,13.817438134020618,0.8088552642372459,13.978958,1.400233,12.5680446,13.064861,14.465094,14.942407399999999,12.331009,15.530825,13.82399206329114
otns,fast-attach-ucast-1,2,full_attach_ms,98,17.373714285714286,3.5132304164063717,16.372,3.9979999999999993,13.427200000000001,14.874,18.872,25.524399999999996,12.472,27.952,16.9247
hardware,fast-attach-ucast-1,2,full_attach_ms,97,35.79630555670103,1.6926873215495666,35.884142,2.2771350000000012,33.2745078,34.538031,36.815166,38.6474608,31.615019,39.219141,35.793769189873416
otns,fast-attach-ucast-1,2,parent_request_to_ack_ms,98,2.56,0.0,2.56,0.0,2.56,2.56,2.56,2.56,2.56,2.56,2.56
hardware,fast-attach-ucast-1,2,parent_request_to_ack_ms,97,2.567510257731959,0.0005373571375714906,2.567053,0.0009540000000001214,2.566814,2.567053,2.568007,2.568007,2.566814,2.569199,2.567499784810127
otns,fast-attach-ucast-1,2,parent_request_ack_to_parent_response_ms,98,2.703673469387755,2.554138371371765,1.92,1.648,0.6,1.232,2.88,7.854399999999987,0.6,13.76,2.1789
hardware,fast-attach-ucast-1,2,parent_request_ack_to_parent_response_ms,97,8.827715845360824,1.0184955936509918,8.980989,1.6860959999999992,7.284355000000001,7.884026,9.570122,10.2878572,6.572962,10.50806,8.864119139240506
otns,fast-attach-ucast-1,2,parent_response_to_ack_ms,98,4.0,0.0,4.0,0.0,4.0,4.0,4.0,4.0,4.0,4.0,4.0
hardware,fast-attach-ucast-1,2,parent_response_to_ack_ms,97,4.007590319587629,0.000555252655448931,4.007816,0.0009540000000001214,4.006863,4.007101,4.008055,4.008055,4.006863,4.009008,4.00759611392405
otns,fast-attach-ucast-1,2,parent_response_ack_to_child_id_request_ms,98,2.255183673469388,2.338123167264228,1.576,1.2800000000000002,0.616,0.936,2.216,6.743999999999997,0.616,13.096,1.74
hardware,fast-attach-ucast-1,2,parent_response_ack_to_child_id_request_ms,97,6.576051391752578,0.816780979414802,6.659031,1.285076,5.4907322,5.887032,7.172108,7.8752042,5.315065,8.489847,6.543805303797468
otns,fast-attach-ucast-1,2,child_id_request_to_ack_ms,98,3.84,0.0,3.84,0.0,3.84,3.84,3.84,3.84,3.84,3.84,3.84
hardware,fast-attach-ucast-1,2,child_id_request_to_ack_ms,97,3.8475572164948453,0.0005441269235129054,3.847837,0.0009539999999996773,3.846884,3.847122,3.848076,3.848076,3.846884,3.84903,3.8475506582278483
otns,fast-attach-ucast-1,2,child_id_request_ack_to_child_id_response_ms,98,2.0148571428571427,1.6716461915401601,1.576,1.2800000000000002,0.616,0.936,2.216,4.776,0.616,10.984,1.724
hardware,fast-attach-ucast-1,2,child_id_request_ack_to_child_id_response_ms,97,9.969880886597938,0.808814110093726,10.132074,1.4009470000000004,8.7199686,9.217024,10.617971,11.0943314,8.482933,11.682987,9.976498696202531
otns,fast-attach-ucast-1,2,adjusted_parent_request_to_response_ms,98,4.263673469387755,2.554138371371765,3.48,1.6480000000000001,2.16,2.7920000000000003,4.44,9.414399999999986,2.16,15.32,3.7389
hardware,fast-attach-ucast-1,2,adjusted_parent_request_to_response_ms,97,10.395225793814433,1.0184564438356678,10.548042,1.6860969999999984,8.851598800000001,9.451078,11.137175,11.8549098,8.140015,12.075113,10.431606481012658
otns,fast-attach-ucast-1,3,parent_request_to_response_ms,95,5.30821052631579,2.275329248537389,4.8,2.496,3.16,3.584,6.08,9.387199999999998,3.16,14.28,4.923012987012987
hardware,fast-attach-ucast-1,3,parent_request_to_response_ms,96,11.222941197916667,0.9420166656087814,11.38556,1.4979832500000008,9.37491675,10.467768,11.96575125,12.61359425,9.097099,13.028145,11.252873987179488
otns,fast-attach-ucast-1,3,parent_response_to_child_id_request_ms,95,5.708715789473684,1.11009326484892,5.576,0.96,4.616,4.936,5.896,8.136,4.616,9.864,5.517818181818182
hardware,fast-attach-ucast-1,3,parent_response_to_child_id_request_ms,96,10.716045875,0.8439020433441593,10.8050105,1.4374257499999992,9.503245,9.91797425,11.3554,11.93165775,9.340048,12.264967,10.714014358974358
otns,fast-attach-ucast-1,3,child_id_request_to_response_ms,95,5.981894736842105,2.2260734894183423,5.416,0.96,4.456,4.776,5.736,11.591999999999999,4.456,15.656,5.445090909090909
hardware,fast-attach-ucast-1,3,child_id_request_to_response_ms,96,13.809767854166667,0.8218032309732439,14.045,1.3551710000000021,12.532472499999999,13.135910249999998,14.49108125,14.78928325,12.138128,15.439987,13.836127064102564
otns,fast-attach-ucast-1,3,full_attach_ms,95,16.99882105263158,3.475038570056721,15.992,4.104000000000003,12.848,14.431999999999999,18.536,23.9696,12.232,26.52,16.578805194805195
hardware,fast-attach-ucast-1,3,full_attach_ms,96,35.748754958333336,1.5490649168619854,35.6835125,1.987039750000001,33.238232499999995,34.7533825,36.74042225,38.225829499999996,31.609058,39.023161,35.765256641025644
otns,fast-attach-ucast-1,3,parent_request_to_ack_ms,95,2.56,0.0,2.56,0.0,2.56,2.56,2.56,2.56,2.56,2.56,2.56
hardware,fast-attach-ucast-1,3,parent_request_to_ack_ms,96,2.5676169270833333,0.00048217708572232846,2.568007,0.0009540000000001214,2.567053,2.567053,2.568007,2.568007,2.566814,2.568007,2.567649243589744
otns,fast-attach-ucast-1,3,parent_request_ack_to_parent_response_ms,95,2.7482105263157894,2.275329248537389,2.24,2.496,0.6,1.024,3.52,6.827199999999999,0.6,11.72,2.3630129870129872
hardware,fast-attach-ucast-1,3,parent_request_ack_to_parent_response_ms,96,8.655324625,0.9420228719295877,8.818507499999999,1.4989379999999999,6.80690975,7.89976125,9.39869925,10.046541249999999,6.530046,10.460138,8.685261858974359
otns,fast-attach-ucast-1,3,parent_response_to_ack_ms,95,4.0,0.0,4.0,0.0,4.0,4.0,4.0,4.0,4.0,4.0,4.0
hardware,fast-attach-ucast-1,3,parent_response_to_ack_ms,96,4.007558125,0.0005421994243721068,4.007816,0.0009540000000001214,4.006863,4.007101,4.008055,4.008055,4.006863,4.009008,4.007556564102564
otns,fast-attach-ucast-1,3,parent_response_ack_to_child_id_request_ms,95,1.7087157894736842,1.11009326484892,1.576,0.9599999999999999,0.616,0.936,1.896,4.136,0.616,5.864,1.5178181818181817
hardware,fast-attach-ucast-1,3,parent_response_ack_to_child_id_request_ms,96,6.708487895833334,0.8438997481019136,6.797552,1.4374260000000003,5.495905499999999,5.91063475,7.34806075,7.923603,5.332947,8.257866,6.706442615384615
otns,fast-attach-ucast-1,3,child_id_request_to_ack_ms,95,3.84,0.0,3.84,0.0,3.84,3.84,3.84,3.84,3.84,3.84,3.84
hardware,fast-attach-ucast-1,3,child_id_request_to_ack_ms,96,3.8476387708333335,0.0005389026760910494,3.847837,0.0009539999999996773,3.846884,3.847122,3.848076,3.848076,3.846884,3.84903,3.847654012820513
otns,fast-attach-ucast-1,3,child_id_request_ack_to_child_id_response_ms,95,2.1418947368421053,2.2260734894183423,1.576,0.9599999999999999,0.616,0.936,1.896,7.751999999999999,0.616,11.816,1.6050909090909091
hardware,fast-attach-ucast-1,3,child_id_request_ack_to_child_id_response_ms,96,9.96212909375,0.8218851653440858,10.1969245,1.3547537500000004,8.6843965,9.28872825,10.643482,10.94144575,8.291006,11.593103,9.988482205128205
otns,fast-attach-ucast-1,3,adjusted_parent_request_to_response_ms,95,4.30821052631579,2.275329248537389,3.8,2.496,2.16,2.584,5.08,8.387199999999998,2.16,13.28,3.923012987012987
hardware,fast-attach-ucast-1,3,adjusted_parent_request_to_response_ms,96,10.222941197916667,0.9420166656087814,10.38556,1.4979832500000008,8.37491675,9.467768,10.96575125,11.61359425,8.097099,12.028145,10.252873987179488
otns,fast-attach-ucast-1,4,parent_request_to_response_ms,89,5.313348314606742,1.992929405657568,4.68,2.04,3.2432000000000003,4.04,6.08,9.16,3.16,13.608,5.013808219178082
hardware,fast-attach-ucast-1,4,parent_request_to_response_ms,100,11.58150439,0.9805058642444807,11.5619895,1.6987924999999997,10.12399205,10.83296525,12.53175775,12.9151698,9.149075,13.025045,11.6243333
otns,fast-attach-ucast-1,4,parent_response_to_child_id_request_ms,89,6.118921348314607,2.2256185055799613,5.576,1.2800000000000002,4.616,4.936,6.216,8.967999999999998,4.616,16.456,5.650520547945206
hardware,fast-attach-ucast-1,4,parent_response_to_child_id_request_ms,100,10.60546637,0.9451044530366526,10.5894805,1.746416,9.504878049999999,9.5285775,11.2749935,11.95951655,9.485006,14.679193,10.535568025
otns,fast-attach-ucast-1,4,child_id_request_to_response_ms,89,6.020044943820225,1.8854085155966522,5.416,1.6000000000000005,4.456,4.776,6.376,9.511999999999995,4.456,15.976,5.70531506849315
hardware,fast-attach-ucast-1,4,child_id_request_to_response_ms,100,13.72570512,0.8314291876680838,13.509989000000001,1.4804597499999979,12.5249386,12.992442,14.472901749999998,14.9106858,12.264013,15.626907,13.7215167
otns,fast-attach-ucast-1,4,full_attach_ms,89,17.452314606741574,3.367872607433045,16.6,4.448,13.5952,15.032,19.48,23.703999999999994,12.76,28.44,17.08098630136986
hardware,fast-attach-ucast-1,4,full_attach_ms,100,35.91267584,1.6164041552190804,35.734534,1.9212962500000046,33.41785685,34.9909665,36.912262750000004,38.746511549999994,32.175064,39.016962,35.906708225
otns,fast-attach-ucast-1,4,parent_request_to_ack_ms,89,2.56,0.0,2.56,0.0,2.56,2.56,2.56,2.56,2.56,2.56,2.56
hardware,fast-attach-ucast-1,4,parent_request_to_ack_ms,100,2.56757285,0.0005594589264674435,2.568007,0.0009540000000001214,2.566814,2.567053,2.568007,2.568007,2.566814,2.569199,2.567571725
otns,fast-attach-ucast-1,4,parent_request_ack_to_parent_response_ms,89,2.7533483146067415,1.992929405657568,2.12,2.04,0.6832,1.48,3.52,6.6,0.6,11.048,2.4538082191780823
hardware,fast-attach-ucast-1,4,parent_request_ack_to_parent_response_ms,100,9.01393175,0.9805114637930776,8.994936500000001,1.6992092499999991,7.55598505,8.265257,9.96446625,10.34716375,6.581068,10.457039,9.0567708375
otns,fast-attach-ucast-1,4,parent_response_to_ack_ms,89,4.0,0.0,4.0,0.0,4.0,4.0,4.0,4.0,4.0,4.0,4.0
hardware,fast-attach-ucast-1,4,parent_response_to_ack_ms,100,4.00754226,0.0005319214193502608,4.007816,0.0009540000000001214,4.006863,4.007101,4.008055,4.008055,4.006863,4.009008,4.0075511624999995
otns,fast-attach-ucast-1,4,parent_response_ack_to_child_id_request_ms,89,2.1189213483146068,2.2256185055799613,1.576,1.2800000000000002,0.616,0.936,2.216,4.967999999999998,0.616,12.456,1.6505205479452054
hardware,fast-attach-ucast-1,4,parent_response_ack_to_child_id_request_ms,100,6.59792425,0.9452107100484262,6.5820215,1.7466542499999997,5.4968359499999995,5.52058225,7.2672365,7.95146255,5.478144,10.672092,6.5280377875
otns,fast-attach-ucast-1,4,child_id_request_to_ack_ms,89,3.84,0.0,3.84,0.0,3.84,3.84,3.84,3.84,3.84,3.84,3.84
hardware,fast-attach-ucast-1,4,child_id_request_to_ack_ms,100,3.84762758,0.0004901657147115374,3.847837,0.0009539999999996773,3.846884,3.847122,3.848076,3.848076,3.846884,3.848076,3.847664475
otns,fast-attach-ucast-1,4,child_id_request_ack_to_child_id_response_ms,89,2.1800449438202247,1.8854085155966522,1.576,1.6,0.616,0.936,2.536,5.671999999999994,0.616,12.136,1.8653150684931508
hardware,fast-attach-ucast-1,4,child_id_request_ack_to_child_id_response_ms,100,9.87807752,0.8314854804382005,9.663105000000002,1.4813540000000014,8.677089650000001,9.144425499999999,10.6257795,11.062669399999999,8.415937,11.780024,9.8738849125
otns,fast-attach-ucast-1,4,adjusted_parent_request_to_response_ms,89,4.313348314606742,1.992929405657568,3.68,2.04,2.2432000000000003,3.04,5.08,8.16,2.16,12.608,4.013808219178082
hardware,fast-attach-ucast-1,4,adjusted_parent_request_to_response_ms,100,10.58150439,0.9805058642444807,10.5619895,1.6987924999999997,9.12399205,9.83296525,11.53175775,11.9151698,8.149075,12.025045,10.6243333
