variant,routers,metric,hardware_n,otns_n,hardware_mean_ms,otns_mean_ms,delta_mean_ms,delta_mean_ci95_low_ms,delta_mean_ci95_high_ms,hardware_median_ms,otns_median_ms,delta_median_ms,delta_median_ci95_low_ms,delta_median_ci95_high_ms
stock,2,parent_request_to_response_ms,100,100,258.53255034,245.27319,13.25936034,-26.133068649750015,53.091840737249946,245.3974485,238.92000000000002,6.47744849999998,-51.7349884,86.0165061499999
stock,2,parent_response_to_child_id_request_ms,100,100,493.4173703,504.72424,-11.306869699999993,-49.60151174324997,28.705241656250024,506.11150299999997,510.452,-4.340497000000028,-85.94068421249996,53.751958750000014
stock,2,child_id_request_to_response_ms,100,100,13.84467122,5.7872,8.05747122,7.685605761000001,8.408405449750001,13.928533000000002,5.416,8.512533000000001,7.9684195,8.772051
stock,2,full_attach_ms,100,100,765.79459194,755.78463,10.00996194000004,9.532852796500048,10.474688659999995,765.7186985,755.46,10.258698499999923,9.764069000000063,10.787600324999925
stock,2,parent_request_to_ack_ms,0,0,,,,,,,,,,
stock,2,parent_request_ack_to_parent_response_ms,0,0,,,,,,,,,,
stock,2,parent_response_to_ack_ms,100,100,4.00742543,4.0,0.007425429999999622,0.007325329999999575,0.007523180249999739,4.007101,4.0,0.00710099999999958,0.00710099999999958,0.007816000000000045
stock,2,parent_response_ack_to_child_id_request_ms,100,100,489.40994498,500.72424,-11.314295020000031,-51.07083972875004,26.922416525749956,502.10404400000004,506.452,-4.347955999999954,-83.38394482499994,53.05902413749997
stock,2,child_id_request_to_ack_ms,100,100,3.84764437,3.84,0.007644369999999956,0.007527530000000393,0.007761190000000084,3.847837,3.84,0.007837000000000316,0.007837000000000316,0.008075999999999972
stock,2,child_id_request_ack_to_child_id_response_ms,100,100,9.99702695,1.9472,8.04982695,7.6746371044999995,8.39129541025,10.079979999999999,1.576,8.503979999999999,7.970491674999999,8.758015
stock,2,adjusted_parent_request_to_response_ms,100,0,,,,,,,,,,
stock,3,parent_request_to_response_ms,100,100,170.32947304,231.73695,-61.40747696,-95.8771208635,-26.319339024750047,157.203436,227.61599999999999,-70.41256399999997,-115.69395700000001,-19.61957787499999
stock,3,parent_response_to_child_id_request_ms,100,100,581.15554091,518.19904,62.956500910000045,29.437821211500054,98.51246576125,594.8884485,523.2239999999999,71.66444850000005,22.780021875000063,118.58911613750003
stock,3,child_id_request_to_response_ms,100,100,13.97642855,5.672,8.30442855,7.9580502520000005,8.629483247,14.1669515,5.416,8.7509515,8.412039,9.127099
stock,3,full_attach_ms,100,100,765.4614424,755.60799,9.853452400000037,9.330682793249991,10.370855616249978,765.2469874999999,755.52,9.72698749999995,9.1300408375,10.659067337499874
stock,3,parent_request_to_ack_ms,0,0,,,,,,,,,,
stock,3,parent_request_ack_to_parent_response_ms,0,0,,,,,,,,,,
stock,3,parent_response_to_ack_ms,100,100,4.007573209999999,4.0,0.007573209999999442,0.007461160000000078,0.007690020000000075,4.007816,4.0,0.007816000000000045,0.00710099999999958,0.007935500000000317
stock,3,parent_response_ack_to_child_id_request_ms,100,100,577.14796783,514.19904,62.94892783,28.04791680850002,97.51405010224987,590.88099,519.2239999999999,71.65699000000006,22.095112174999997,118.27721854999997
stock,3,child_id_request_to_ack_ms,100,100,3.84766578,3.84,0.007665779999999955,0.0075608597500003375,0.00776829999999995,3.847837,3.84,0.007837000000000316,0.007837000000000316,0.008075999999999972
stock,3,child_id_request_ack_to_child_id_response_ms,100,100,10.12876271,1.832,8.29676271,7.9512034615000005,8.6224056765,10.319948499999999,1.576,8.743948499999998,8.408493499999999,9.1295135
stock,3,adjusted_parent_request_to_response_ms,100,0,,,,,,,,,,
stock,4,parent_request_to_response_ms,100,100,195.81030131,223.56545,-27.75514869,-67.0022114935,11.788316437750003,154.9874545,203.55599999999998,-48.56854549999997,-108.16147000000002,11.956503524999988
stock,4,parent_response_to_child_id_request_ms,100,100,555.75910803,526.57056,29.188548029999993,-8.79255692025003,67.23665041649993,596.4570045,545.784,50.67300450000005,-9.953571112499978,107.44391900000005
stock,4,child_id_request_to_response_ms,100,100,13.92818685,5.5792,8.34898685,8.040296934499999,8.66006228075,13.862013999999999,5.096,8.766013999999998,8.170402,9.1065945
stock,4,full_attach_ms,100,100,765.49759628,755.71521,9.782386280000082,9.30293534200006,10.241614781250004,765.4448745,755.408,10.036874499999954,9.472063149999922,10.529943999999887
stock,4,parent_request_to_ack_ms,0,0,,,,,,,,,,
stock,4,parent_request_ack_to_parent_response_ms,0,0,,,,,,,,,,
stock,4,parent_response_to_ack_ms,100,100,4.007520749999999,4.0,0.00752074999999941,0.007420619749999547,0.007620890000000102,4.0074585,4.0,0.007458500000000257,0.00710099999999958,0.007816000000000045
stock,4,parent_response_ack_to_child_id_request_ms,100,100,551.75158733,522.57056,29.181027330000006,-9.799933171250043,66.80210825449991,592.4500224999999,541.784,50.66602249999994,-11.613002499999993,109.41624867499998
stock,4,child_id_request_to_ack_ms,100,100,3.84760138,3.84,0.007601380000000102,0.007496489750000302,0.007703900000000097,3.847837,3.84,0.007837000000000316,0.007122000000000295,0.007837000000000316
stock,4,child_id_request_ack_to_child_id_response_ms,100,100,10.08058546,1.7392,8.34138546,8.012788473250001,8.66341744975,10.014415,1.256,8.758415,8.191033475,9.098638
stock,4,adjusted_parent_request_to_response_ms,100,0,,,,,,,,,,
stock-low-power,2,parent_request_to_response_ms,100,100,237.23111629,257.85238,-20.621263709999994,-60.713730430249996,20.50463341699998,225.7010935,279.58000000000004,-53.87890650000003,-109.31673128749999,27.598988224999875
stock-low-power,2,parent_response_to_child_id_request_ms,100,100,514.55889698,492.24848000000003,22.310416979999957,-18.441535051750034,62.00923144974994,524.7030259999999,470.53999999999996,54.163025999999945,-21.71997650000003,110.02350540000003
stock-low-power,2,child_id_request_to_response_ms,100,100,13.85126351,5.5824,8.268863510000001,7.997507044000001,8.533847249250002,13.8220785,5.416,8.4060785,7.653111,8.773506412499998
stock-low-power,2,full_attach_ms,100,100,765.64127685,755.68326,9.958016850000035,9.501591465000056,10.417997479999965,765.7380105,755.596,10.14201049999997,9.695964387499961,10.669983687499911
stock-low-power,2,parent_request_to_ack_ms,0,0,,,,,,,,,,
stock-low-power,2,parent_request_ack_to_parent_response_ms,0,0,,,,,,,,,,
stock-low-power,2,parent_response_to_ack_ms,100,100,4.0075351,4.0,0.007535100000000128,0.007432559749999812,0.007639989999999486,4.007816,4.0,0.007816000000000045,0.00710099999999958,0.007818987500000008
stock-low-power,2,parent_response_ack_to_child_id_request_ms,100,100,510.55136201,488.24848000000003,22.302882009999962,-19.902256109749985,61.245458727999996,520.694971,466.53999999999996,54.154971000000046,-21.936441512500004,110.60443683749979
stock-low-power,2,child_id_request_to_ack_ms,100,100,3.84755366,3.84,0.007553660000000129,0.007458279500000264,0.0076514202500001845,3.847837,3.84,0.007837000000000316,0.007122000000000295,0.007837000000000316
stock-low-power,2,child_id_request_ack_to_child_id_response_ms,100,100,10.00370979,1.7424,8.26130979,7.9910367775,8.523018340999998,9.974599,1.576,8.398598999999999,7.6409815,8.7495935
stock-low-power,2,adjusted_parent_request_to_response_ms,100,0,,,,,,,,,,
stock-low-power,3,parent_request_to_response_ms,100,100,257.13714123,266.01634,-8.879198770000016,-50.54536247374999,33.45927905724995,246.80650250000002,248.736,-1.9294974999999681,-80.99127999999999,63.52843588750001
stock-low-power,3,parent_response_to_child_id_request_ms,100,100,494.27448746,483.99492,10.27956746000001,-30.86847736775004,51.15242841249999,503.36098649999997,501.424,1.936986499999989,-62.32251305,81.61226897499985
stock-low-power,3,child_id_request_to_response_ms,100,100,13.91607759,5.6624,8.25367759,7.987331773499999,8.5170826455,13.9740705,5.416,8.5580705,8.091410549999999,8.758937999999999
stock-low-power,3,full_attach_ms,100,100,765.32770629,755.67366,9.654046289999997,9.221830082749937,10.080090598750015,765.5985355,755.6759999999999,9.922535500000095,9.440488999999957,10.37852835000004
stock-low-power,3,parent_request_to_ack_ms,0,0,,,,,,,,,,
stock-low-power,3,parent_request_ack_to_parent_response_ms,0,0,,,,,,,,,,
stock-low-power,3,parent_response_to_ack_ms,100,100,4.007511249999999,4.0,0.007511249999999414,0.007415859750000054,0.007606639999999665,4.0074585,4.0,0.007458500000000257,0.00710099999999958,0.007816000000000045
stock-low-power,3,parent_response_ack_to_child_id_request_ms,100,100,490.26697636,479.99492,10.272056360000022,-29.42431306150002,51.45393244375005,499.35400500000003,497.424,1.930005000000051,-61.292098349999954,83.45876572499994
stock-low-power,3,child_id_request_to_ack_ms,100,100,3.84759905,3.84,0.007599050000000052,0.0074917600000001805,0.007708720000000113,3.847837,3.84,0.007837000000000316,0.007122000000000295,0.008075999999999972
stock-low-power,3,child_id_request_ack_to_child_id_response_ms,100,100,10.0684786,1.8224,8.2460786,7.9916276675,8.498843461249999,10.1264715,1.576,8.550471499999999,8.083963,8.750862
stock-low-power,3,adjusted_parent_request_to_response_ms,100,0,,,,,,,,,,
stock-low-power,4,parent_request_to_response_ms,100,100,280.21042111,245.43424,34.77618111000004,-3.337214909000017,74.26816690024998,292.27709749999997,248.436,43.84109749999996,-19.502707074999986,128.93074134999992
stock-low-power,4,parent_response_to_child_id_request_ms,100,100,471.34747742999997,504.41525,-33.067772570000045,-71.37295441450003,5.129897510500034,460.78741549999995,500.352,-39.564584500000024,-127.50580555000005,22.61609923749984
stock-low-power,4,child_id_request_to_response_ms,100,100,13.9851356,5.8672,8.1179356,7.78218795625,8.43555820025,13.9420035,5.736,8.206003500000001,7.846110500000001,8.6940885
stock-low-power,4,full_attach_ms,100,100,765.54303405,755.71669,9.826344049999989,9.336007715250087,10.309684509749982,765.4744384999999,755.552,9.922438499999885,9.147512199999928,10.627524600000019
stock-low-power,4,parent_request_to_ack_ms,0,0,,,,,,,,,,
stock-low-power,4,parent_request_ack_to_parent_response_ms,0,0,,,,,,,,,,
stock-low-power,4,parent_response_to_ack_ms,100,100,4.00758039,4.0,0.0075803900000002145,0.007477859749999838,0.007682880249999946,4.007816,4.0,0.007816000000000045,0.00710099999999958,0.008054999999999701
stock-low-power,4,parent_response_ack_to_child_id_request_ms,100,100,467.3398972,500.41525,-33.07535280000002,-72.83172195750004,6.394218929249985,456.77948,496.352,-39.57252,-129.67842956250004,23.658556074999943
stock-low-power,4,child_id_request_to_ack_ms,100,100,3.84768486,3.84,0.007684860000000349,0.007572790000000218,0.007794550250000287,3.847837,3.84,0.007837000000000316,0.007837000000000316,0.008075999999999972
stock-low-power,4,child_id_request_ack_to_child_id_response_ms,100,100,10.13745066,2.0272,8.11025066,7.761423099750001,8.417621935,10.094642499999999,1.896,8.198642499999998,7.8380345,8.6864895
stock-low-power,4,adjusted_parent_request_to_response_ms,100,0,,,,,,,,,,
ucast,2,parent_request_to_response_ms,100,100,269.48597196000003,247.26752,22.21845196000004,-17.530833516499985,62.465149050749986,298.338056,247.78,50.55805599999999,-32.63252312500001,115.80107904999998
ucast,2,parent_response_to_child_id_request_ms,100,100,10.4754472,5.9248,4.550647199999999,4.232124355000001,4.841051554250001,10.5575325,5.736,4.821532500000001,4.482003,5.221024000000001
ucast,2,child_id_request_to_response_ms,100,100,13.83901832,5.6752,8.163818319999999,7.82922622,8.4678915805,13.9945745,5.416,8.5785745,8.188837,8.8894725
ucast,2,full_attach_ms,100,100,293.80043744,258.86752,34.93291743999998,-4.539609099999987,74.04994342599997,322.6139545,259.73199999999997,62.881954500000006,-19.689709275000006,125.06123624999984
ucast,2,parent_request_to_ack_ms,100,100,2.56755137,2.56,0.007551369999999835,0.007444029999999824,0.00765393999999997,2.568007,2.56,0.008007000000000097,0.007052999999999976,0.008007000000000097
ucast,2,parent_request_ack_to_parent_response_ms,100,100,266.9184208,244.70752,22.21090079999999,-17.462462662999993,61.65363183524991,295.770526,245.22,50.55052600000002,-32.98703599999999,113.55203256249999
ucast,2,parent_response_to_ack_ms,100,100,4.0075565399999995,4.0,0.007556539999999501,0.007461209749999776,0.007654319999999437,4.007816,4.0,0.007816000000000045,0.00710099999999958,0.007935500000000317
ucast,2,parent_response_ack_to_child_id_request_ms,100,100,6.46789072,1.9248,4.5430907199999995,4.2237345597500005,4.830125296249999,6.549597,1.736,4.813597000000001,4.474067499999999,5.196875499999999
ucast,2,child_id_request_to_ack_ms,100,100,3.8475584400000002,3.84,0.007558440000000388,0.007453510000000385,0.0076633400000001295,3.847837,3.84,0.007837000000000316,0.007122000000000295,0.007837000000000316
ucast,2,child_id_request_ack_to_child_id_response_ms,100,100,9.99145983,1.8352,8.15625983,7.830208798749998,8.46141031925,10.1475715,1.576,8.5715715,8.176988999999999,8.8909755
ucast,2,adjusted_parent_request_to_response_ms,100,0,,,,,,,,,,
ucast,3,parent_request_to_response_ms,100,100,251.4457488,501.40057,-249.95482120000003,-750.19770869725,17.36110051899998,244.687438,259.94,-15.252562000000012,-73.74298250000001,42.52216624999999
ucast,3,parent_response_to_child_id_request_ms,100,100,10.51411866,5.9088,4.605318659999999,4.2591690225,4.9334913495,10.6109385,5.576,5.0349385,4.567953,5.3736481499999975
ucast,3,child_id_request_to_response_ms,100,100,13.96706823,5.7008,8.266268230000001,7.937661844249999,8.5652845075,14.184832499999999,5.416,8.768832499999998,8.4418404375,9.246427
ucast,3,full_attach_ms,100,100,275.92693566,513.01017,-237.08323434,-736.3816909565,32.08183148099996,269.4393395,271.572,-2.132660499999986,-61.575683999999995,53.239499162500024
ucast,3,parent_request_to_ack_ms,100,100,2.5675513800000003,2.56,0.0075513800000002185,0.00743691974999996,0.007663460499999853,2.568007,2.56,0.008007000000000097,0.007052999999999976,0.008007000000000097
ucast,3,parent_request_ack_to_parent_response_ms,100,100,248.87819768,498.84057,-249.96237232000001,-753.5993686270001,19.14361391549989,242.11943150000002,257.38,-15.260568499999977,-70.731899775,42.102592224999945
ucast,3,parent_response_to_ack_ms,100,100,4.00751364,4.0,0.007513639999999988,0.007411129999999488,0.007609019999999411,4.007816,4.0,0.007816000000000045,0.00710099999999958,0.007816000000000045
ucast,3,parent_response_ack_to_child_id_request_ms,100,100,6.50660513,1.9088,4.597805129999999,4.2360733250000004,4.9295244505,6.6030025000000006,1.576,5.0270025,4.529619,5.3470025
ucast,3,child_id_request_to_ack_ms,100,100,3.84757522,3.84,0.007575220000000105,0.007465589750000246,0.007689680250000363,3.847837,3.84,0.007837000000000316,0.007122000000000295,0.008075999999999972
ucast,3,child_id_request_ack_to_child_id_response_ms,100,100,10.11949304,1.8608,8.25869304,7.9183544745,8.564982309749999,10.336995,1.576,8.760995,8.447116999999999,9.244550499999999
ucast,3,adjusted_parent_request_to_response_ms,100,0,,,,,,,,,,
ucast,4,parent_request_to_response_ms,100,100,248.30410955,260.12408,-11.81997045,-51.839406431749985,26.82133008949993,226.8568275,271.28,-44.423172499999964,-104.59119299999999,30.179906500000016
ucast,4,parent_response_to_child_id_request_ms,100,100,10.48824309,6.3928,4.095443089999999,3.4132938089999993,4.6162294382499995,10.4584695,5.576,4.8824695,4.3966583125,5.059337387499997
ucast,4,child_id_request_to_response_ms,100,100,13.91490458,5.85536,8.05954458,7.62596514025,8.4351096935,13.951421,5.416,8.535421,7.958048000000001,8.905628087499998
ucast,4,full_attach_ms,100,100,272.70725729,272.37224,0.33501728999999614,-38.97745896625001,38.947394680500004,251.12485900000001,284.956,-33.831141,-92.16668003749997,42.72699224999991
ucast,4,parent_request_to_ack_ms,100,100,2.56753469,2.63136,-0.06382530999999991,-0.17726065900000024,0.007582360500000229,2.568007,2.56,0.008007000000000097,0.007052999999999976,0.008007000000000097
ucast,4,parent_request_ack_to_parent_response_ms,100,100,245.7365752,257.49272,-11.756144800000015,-50.706364667249986,27.460246811249974,224.2894175,266.716,-42.426582499999995,-102.987602775,26.529150149999964
ucast,4,parent_response_to_ack_ms,100,99,4.0075518,4.057050505050505,-0.04949870505050491,-0.1636569351515158,0.00763524024999993,4.007816,4.0,0.007816000000000045,0.00710099999999958,0.008054999999999701
ucast,4,parent_response_ack_to_child_id_request_ms,100,99,6.48069144,2.10610101010101,4.374590429898991,3.9881819967171714,4.713937475303029,6.451487500000001,1.576,4.8754875,4.4050455,5.047506499999999
ucast,4,child_id_request_to_ack_ms,100,100,3.84758948,3.9561599999999997,-0.10857051999999978,-0.34096209974999997,0.0076681400000002675,3.847837,3.84,0.007837000000000316,0.0074705625000005245,0.008075999999999972
ucast,4,child_id_request_ack_to_child_id_response_ms,100,100,10.06731507,1.8992,8.168115069999999,7.88313519225,8.447490512,10.103940999999999,1.576,8.527940999999998,7.950926,8.903927
ucast,4,adjusted_parent_request_to_response_ms,100,0,,,,,,,,,,
fast-attach-corrected,2,parent_request_to_response_ms,100,100,26.46969559,19.25376,7.215935590000001,4.674785391250001,9.69365385925,27.3364785,17.375999999999998,9.9604785,4.165158000000002,13.208695087499997
fast-attach-corrected,2,parent_response_to_child_id_request_ms,100,100,10.875020020000001,5.6655999999999995,5.209420020000001,4.96459043875,5.443689223499999,11.1110215,5.576,5.5350215,5.149277325,5.942997
fast-attach-corrected,2,child_id_request_to_response_ms,100,100,13.79788406,5.672,8.12588406,7.815864146499999,8.404774606250001,13.7114525,5.5760000000000005,8.1354525,7.8719790000000005,8.6280465
fast-attach-corrected,2,full_attach_ms,100,100,51.14259956,30.59136,20.55123956,18.086484413,23.065710784500002,52.301407,29.788,22.513406999999997,17.9104615,26.2145992
fast-attach-corrected,2,parent_request_to_ack_ms,0,0,,,,,,,,,,
fast-attach-corrected,2,parent_request_ack_to_parent_response_ms,0,0,,,,,,,,,,
fast-attach-corrected,2,parent_response_to_ack_ms,100,100,4.00753034,4.0,0.007530339999999747,0.007427820000000196,0.007632870000000125,4.007816,4.0,0.007816000000000045,0.00710099999999958,0.008054999999999701
fast-attach-corrected,2,parent_response_ack_to_child_id_request_ms,100,100,6.86748987,1.6656,5.2018898700000005,4.959934927,5.43449945725,7.1039200000000005,1.576,5.52792,5.11899,5.932439499999999
fast-attach-corrected,2,child_id_request_to_ack_ms,100,100,3.84758471,3.84,0.007584710000000161,0.007484580000000296,0.007682470000000219,3.847837,3.84,0.007837000000000316,0.007122000000000295,0.008075999999999972
fast-attach-corrected,2,child_id_request_ack_to_child_id_response_ms,100,100,9.95029926,1.832,8.118299259999999,7.828465262000001,8.40054145125,9.8639725,1.736,8.127972499999998,7.855080999999999,8.6854585
fast-attach-corrected,2,adjusted_parent_request_to_response_ms,100,0,,,,,,,,,,
fast-attach-corrected,3,parent_request_to_response_ms,100,100,36.34360552,35.78208,0.5615255199999964,-5.100178493499995,6.065264966749997,33.6079595,33.995999999999995,-0.38804049999999535,-7.205921499999995,6.2419944999999935
fast-attach-corrected,3,parent_response_to_child_id_request_ms,100,100,11.84373858,6.37168,5.472058580000001,4.716337132249999,6.1979427135,11.349439499999999,5.896,5.453439499999999,5.135345324999999,5.950465500000001
fast-attach-corrected,3,child_id_request_to_response_ms,100,100,14.41510914,6.1936,8.22150914,7.527885953999999,8.96402092175,13.900399499999999,5.416,8.484399499999999,7.8009509999999995,8.979041
fast-attach-corrected,3,full_attach_ms,100,100,62.60245322,48.34736,14.25509322,8.458975203749995,19.91217419724999,58.68256100000001,46.828,11.854561000000004,6.9279790000000006,21.862008762499993
fast-attach-corrected,3,parent_request_to_ack_ms,0,0,,,,,,,,,,
fast-attach-corrected,3,parent_request_ack_to_parent_response_ms,0,0,,,,,,,,,,
fast-attach-corrected,3,parent_response_to_ack_ms,100,100,4.00750884,4.0,0.00750883999999985,0.0074087299999998635,0.007611360249999399,4.007816,4.0,0.007816000000000045,0.00710099999999958,0.007816000000000045
fast-attach-corrected,3,parent_response_ack_to_child_id_request_ms,100,100,7.83622978,2.37168,5.4645497800000005,4.715791008,6.1647400892499995,7.3421,1.896,5.4461,5.128407500000001,5.957181074999998
fast-attach-corrected,3,child_id_request_to_ack_ms,100,100,3.84768724,3.84,0.007687240000000095,0.00758707974999997,0.007784950250000011,3.8479565,3.84,0.007956500000000144,0.007837000000000316,0.008075999999999972
fast-attach-corrected,3,child_id_request_ack_to_child_id_response_ms,100,100,10.56742193,2.3536,8.21382193,7.528382837,8.95534864875,10.052085,1.576,8.476085,7.8297173625,8.970965
fast-attach-corrected,3,adjusted_parent_request_to_response_ms,100,0,,,,,,,,,,
fast-attach-corrected,4,parent_request_to_response_ms,100,100,39.65790984,28.98904,10.668869840000003,4.322148042249998,16.9447457495,34.88850600000001,20.856,14.032506000000005,3.88350985,19.189511775
fast-attach-corrected,4,parent_response_to_child_id_request_ms,100,100,12.3933864,5.95936,6.4340264000000005,5.5975289105,7.388966863249999,11.0844375,5.576,5.5084375,4.952998999999999,5.772009
fast-attach-corrected,4,child_id_request_to_response_ms,100,100,15.05494118,6.15808,8.89686118,8.09904468075,9.6823722655,14.209509,5.416,8.793509,8.438958999999999,9.2249695
fast-attach-corrected,4,full_attach_ms,100,100,67.10623735,41.10648,25.999757350000003,19.460318252499995,32.708992239249994,61.1441135,33.248,27.896113500000006,20.436487649999993,33.53149699999999
fast-attach-corrected,4,parent_request_to_ack_ms,0,0,,,,,,,,,,
fast-attach-corrected,4,parent_request_ack_to_parent_response_ms,0,0,,,,,,,,,,
fast-attach-corrected,4,parent_response_to_ack_ms,100,100,4.00749456,4.0,0.007494559999999595,0.007394419999999791,0.007592320249999651,4.007816,4.0,0.007816000000000045,0.00710099999999958,0.007816000000000045
fast-attach-corrected,4,parent_response_ack_to_child_id_request_ms,100,100,8.38589195,1.95936,6.426531949999999,5.61051894275,7.381282758749999,7.077098,1.576,5.501098000000001,4.9456595000000005,5.763954
fast-attach-corrected,4,child_id_request_to_ack_ms,100,100,3.92700433,3.84,0.08700433000000007,0.007520359500000007,0.24588409050000054,3.847837,3.84,0.007837000000000316,0.007122000000000295,0.008075999999999972
fast-attach-corrected,4,child_id_request_ack_to_child_id_response_ms,100,100,11.12793684,2.31808,8.80985684,7.996144362999999,9.620379644,10.328412499999999,1.576,8.752412499999998,8.397048999999999,9.197897
fast-attach-corrected,4,adjusted_parent_request_to_response_ms,100,0,,,,,,,,,,
fast-attach-ucast-1,2,parent_request_to_response_ms,100,100,11.44923923,5.2436,6.20563923,5.64380828975,6.734299424,11.543512,4.48,7.063511999999999,6.6245415,7.3200069999999995
fast-attach-ucast-1,2,parent_response_to_child_id_request_ms,100,100,10.60534233,6.232,4.373342329999999,3.8592287207500005,4.832456304749999,10.679126,5.576,5.1031260000000005,4.747005000000001,5.5239765
fast-attach-ucast-1,2,child_id_request_to_response_ms,100,100,13.83529424,5.84288,7.99241424,7.6117838915,8.328439288999999,13.9859915,5.416,8.5699915,7.989995999999999,8.8285439125
fast-attach-ucast-1,2,full_attach_ms,100,100,35.88987588,17.31848,18.571395879999997,17.775580317,19.3396601415,35.915493999999995,16.296,19.619493999999996,18.823959237500002,20.24163
fast-attach-ucast-1,2,parent_request_to_ack_ms,100,100,2.63684535,2.56,0.07684535000000015,0.007432139750000144,0.21556926949999997,2.567053,2.56,0.007052999999999976,0.007052999999999976,0.008007000000000097
fast-attach-ucast-1,2,parent_request_ack_to_parent_response_ms,100,100,8.81239418,2.6836,6.12879418,5.57496621425,6.63189889675,8.9759825,1.92,7.055982500000001,6.603184000000001,7.318985524999999
fast-attach-ucast-1,2,parent_response_to_ack_ms,100,100,4.0075828,4.0,0.007582799999999779,0.007473139750000102,0.007690090249999648,4.007816,4.0,0.007816000000000045,0.00710099999999958,0.008054999999999701
fast-attach-ucast-1,2,parent_response_ack_to_child_id_request_ms,100,100,6.5977597,2.232,4.3657597,3.8472796022500004,4.82486764975,6.6710709999999995,1.576,5.095070999999999,4.738593,5.527009
fast-attach-ucast-1,2,child_id_request_to_ack_ms,100,100,3.84755132,3.84,0.007551320000000139,0.007444019500000332,0.007658620250000392,3.847837,3.84,0.007837000000000316,0.007122000000000295,0.007837000000000316
fast-attach-ucast-1,2,child_id_request_ack_to_child_id_response_ms,100,100,9.98774289,2.00288,7.98486289,7.592179569249999,8.319846834,10.1385115,1.576,8.5625115,7.984065500000001,8.812851
fast-attach-ucast-1,2,adjusted_parent_request_to_response_ms,100,100,10.44923923,4.2436,6.20563923,5.6516920565,6.718466929249999,10.543512,3.48,7.063511999999999,6.6244268625,7.326087000000001
fast-attach-ucast-1,3,parent_request_to_response_ms,100,100,11.23930217,5.27528,5.96402217,5.471102033499999,6.412192392249999,11.38556,4.74,6.64556,6.080002212499999,7.092555499999999
fast-attach-ucast-1,3,parent_response_to_child_id_request_ms,100,100,10.72895525,5.91104,4.81791525,4.449420195749999,5.14704878825,10.8224155,5.576,5.2464155,4.949897150000001,5.721029999999999
fast-attach-ucast-1,3,child_id_request_to_response_ms,100,100,13.811419,5.9568,7.8546190000000005,7.357864914,8.28872394325,14.045,5.416,8.629,8.0646635,9.0745275
fast-attach-ucast-1,3,full_attach_ms,100,100,35.77967645,17.14312,18.636556449999997,17.883480171250003,19.390382615499995,35.6835125,16.032,19.6515125,19.066550499999995,20.320589
fast-attach-ucast-1,3,parent_request_to_ack_ms,100,100,2.5676229900000003,2.56,0.007622990000000218,0.007529939999999957,0.007713630000000027,2.568007,2.56,0.008007000000000097,0.00788750000000027,0.008007000000000097
fast-attach-ucast-1,3,parent_request_ack_to_parent_response_ms,100,100,8.67167954,2.71528,5.95639954,5.4551771225,6.407719897250001,8.818507499999999,2.18,6.638507499999999,6.070929362499999,7.0859597375000005
fast-attach-ucast-1,3,parent_response_to_ack_ms,100,100,4.0075493799999995,4.12576,-0.11821062000000016,-0.3164388887499999,0.0075970404999994075,4.007816,4.0,0.007816000000000045,0.00710099999999958,0.007935500000000317
fast-attach-ucast-1,3,parent_response_ack_to_child_id_request_ms,100,100,6.72140602,1.78528,4.93612602,4.6084426899999995,5.23427667,6.81448,1.576,5.238479999999999,4.985994999999999,5.753983
fast-attach-ucast-1,3,child_id_request_to_ack_ms,100,100,3.84764434,3.84,0.007644340000000138,0.007539440000000397,0.007749240250000322,3.847837,3.84,0.007837000000000316,0.007837000000000316,0.008075999999999972
fast-attach-ucast-1,3,child_id_request_ack_to_child_id_response_ms,100,100,9.96377467,2.1168,7.84697467,7.3773375752499994,8.28778909675,10.1969245,1.576,8.6209245,8.057541,9.061087
fast-attach-ucast-1,3,adjusted_parent_request_to_response_ms,100,100,10.23930217,4.27528,5.96402217,5.4781539185,6.4157290475,10.38556,3.74,6.64556,6.097963737499999,7.0925555
fast-attach-ucast-1,4,parent_request_to_response_ms,100,100,11.58150439,5.46896,6.112544389999999,5.6099084015,6.57351970025,11.5619895,4.68,6.8819894999999995,6.495881000000001,7.2180409999999995
fast-attach-ucast-1,4,parent_response_to_child_id_request_ms,100,100,10.60546637,7.67313,2.9323363700000007,0.02313617824999993,4.598587745500001,10.5894805,5.736,4.853480500000001,4.574116625,5.1675582124999995
fast-attach-ucast-1,4,child_id_request_to_response_ms,100,100,13.72570512,6.17216,7.553545120000001,7.077955051250001,7.984798370249998,13.509989000000001,5.416,8.093989,7.7300005,8.8224
fast-attach-ucast-1,4,full_attach_ms,100,100,35.91267584,19.31425,16.598425839999997,13.298852133749996,18.501023778000004,35.734534,17.072,18.662533999999997,17.357537999999998,19.695013499999998
fast-attach-ucast-1,4,parent_request_to_ack_ms,100,99,2.56757285,2.6256161616161617,-0.05804331161616183,-0.18933527509848466,0.007654027750000224,2.568007,2.56,0.008007000000000097,0.007052999999999976,0.008007000000000097
fast-attach-ucast-1,4,parent_request_ack_to_parent_response_ms,100,99,9.01393175,2.760646464646465,6.253285285353535,5.795159812209596,6.684006967159091,8.994936500000001,2.12,6.874936500000001,6.500510500000001,7.2189749999999995
fast-attach-ucast-1,4,parent_response_to_ack_ms,100,99,4.00754226,4.309989898989899,-0.3024476389898991,-0.5888057818232327,-0.049634585550504755,4.007816,4.0,0.007816000000000045,0.00710099999999958,0.008054999999999701
fast-attach-ucast-1,4,parent_response_ack_to_child_id_request_ms,100,99,6.59792425,2.0802424242424244,4.517681825757576,4.024598175164142,4.942780377285353,6.5820215,1.576,5.006021499999999,4.6261790000000005,5.253857999999999
fast-attach-ucast-1,4,child_id_request_to_ack_ms,100,100,3.84762758,3.9881599999999997,-0.14053241999999955,-0.37235820849999973,0.007668070000000249,3.847837,3.84,0.007837000000000316,0.007837000000000316,0.007837000000000316
fast-attach-ucast-1,4,child_id_request_ack_to_child_id_response_ms,100,100,9.87807752,2.184,7.69407752,7.2832155675,8.06956088225,9.663105000000002,1.576,8.087105000000001,7.7264545,8.85104
fast-attach-ucast-1,4,adjusted_parent_request_to_response_ms,100,100,10.58150439,4.46896,6.112544389999999,5.627251365249999,6.580223974,10.5619895,3.68,6.8819894999999995,6.508039499999999,7.2180409999999995
