platform,variant,routers,metric,value_ms,outer_fence_low_ms,outer_fence_high_ms,source_run,retransmission_observed,duplicate_sequence_observed,classification,disposition
otns,stock,2,child_id_request_to_response_ms,7.656,3.176000000000001,7.655999999999999,results/smoke/stock-2routers-pcap-validation-20260919/run_001/baseline_summary_20260919T095616Z.json,False,False,valid_complete_sequence_long_tail,retained
otns,stock,2,child_id_request_to_response_ms,11.176,3.176000000000001,7.655999999999999,results/smoke/stock-2routers-pcap-validation-20260919/run_005/baseline_summary_20260919T095616Z.json,False,False,valid_complete_sequence_long_tail,retained
otns,stock,2,child_id_request_to_response_ms,8.296,3.176000000000001,7.655999999999999,results/smoke/stock-2routers-pcap-validation-20260919/run_013/baseline_summary_20260919T095621Z.json,False,False,valid_complete_sequence_long_tail,retained
otns,stock,2,child_id_request_to_response_ms,13.096,3.176000000000001,7.655999999999999,results/smoke/stock-2routers-pcap-validation-20260919/run_019/baseline_summary_20260919T095624Z.json,False,False,valid_complete_sequence_long_tail,retained
otns,stock,2,child_id_request_to_response_ms,8.936,3.176000000000001,7.655999999999999,results/smoke/stock-2routers-pcap-validation-20260919/run_023/baseline_summary_20260919T095625Z.json,False,False,valid_complete_sequence_long_tail,retained
otns,stock,2,child_id_request_to_response_ms,11.176,3.176000000000001,7.655999999999999,results/smoke/stock-2routers-pcap-validation-20260919/run_045/baseline_summary_20260919T095636Z.json,False,False,valid_complete_sequence_long_tail,retained
otns,stock,2,child_id_request_to_response_ms,8.616,3.176000000000001,7.655999999999999,results/smoke/stock-2routers-pcap-validation-20260919/run_065/baseline_summary_20260919T095647Z.json,False,False,valid_complete_sequence_long_tail,retained
otns,stock,2,child_id_request_to_response_ms,8.296,3.176000000000001,7.655999999999999,results/smoke/stock-2routers-pcap-validation-20260919/run_076/baseline_summary_20260919T095653Z.json,False,False,valid_complete_sequence_long_tail,retained
otns,stock,2,child_id_request_to_response_ms,12.136,3.176000000000001,7.655999999999999,results/smoke/stock-2routers-pcap-validation-20260919/run_079/baseline_summary_20260919T095653Z.json,False,False,valid_complete_sequence_long_tail,retained
otns,stock,2,child_id_request_to_response_ms,7.976,3.176000000000001,7.655999999999999,results/smoke/stock-2routers-pcap-validation-20260919/run_083/baseline_summary_20260919T095657Z.json,False,False,valid_complete_sequence_long_tail,retained
otns,stock,2,full_attach_ms,763.712,748.0560000000003,763.0219999999997,results/smoke/stock-2routers-pcap-validation-20260919/run_019/baseline_summary_20260919T095624Z.json,False,False,valid_complete_sequence_long_tail,retained
otns,stock,3,child_id_request_to_response_ms,10.536,0.935999999999999,9.896,results/smoke/stock-3routers-pcap-validation-20260919/run_047/baseline_summary_20260919T095640Z.json,False,False,valid_complete_sequence_long_tail,retained
otns,stock,3,child_id_request_to_response_ms,14.056,0.935999999999999,9.896,results/smoke/stock-3routers-pcap-validation-20260919/run_082/baseline_summary_20260919T095701Z.json,False,True,duplicate_selected_mac_sequence,retained
otns,stock,3,full_attach_ms,764.128,747.1820000000005,763.6459999999995,results/smoke/stock-3routers-pcap-validation-20260919/run_082/baseline_summary_20260919T095701Z.json,False,True,duplicate_selected_mac_sequence,retained
otns,stock,4,child_id_request_to_response_ms,10.856,1.6559999999999997,8.936,results/smoke/stock-4routers-pcap-validation-20260919/run_025/baseline_summary_20260919T095631Z.json,False,False,valid_complete_sequence_long_tail,retained
otns,stock-low-power,4,child_id_request_to_response_ms,9.576,2.216,8.936,results/smoke/stock-low-power-4routers-pcap-validation-20260919/run_067/baseline_summary_20260919T095954Z.json,False,False,valid_complete_sequence_long_tail,retained
otns,stock-low-power,4,child_id_request_to_response_ms,13.416,2.216,8.936,results/smoke/stock-low-power-4routers-pcap-validation-20260919/run_072/baseline_summary_20260919T095956Z.json,False,False,valid_complete_sequence_long_tail,retained
otns,ucast,2,parent_response_to_child_id_request_ms,13.576,2.056,9.336,results/smoke/ucast-2routers-pcap-validation-20260919/run_034/baseline_summary_20260919T095326Z.json,False,False,valid_complete_sequence_long_tail,retained
otns,ucast,2,child_id_request_to_response_ms,12.136,0.935999999999999,9.896,results/smoke/ucast-2routers-pcap-validation-20260919/run_010/baseline_summary_20260919T095308Z.json,False,False,valid_complete_sequence_long_tail,retained
otns,ucast,3,parent_request_to_response_ms,24210.504,-504.82000000000005,1046.94,results/smoke/ucast-3routers-pcap-validation-20260919/run_089/baseline_summary_20260919T095417Z.json,True,False,retransmission_or_repeated_attempt,retained
otns,ucast,3,parent_response_to_child_id_request_ms,11.016,1.0959999999999992,10.056000000000001,results/smoke/ucast-3routers-pcap-validation-20260919/run_021/baseline_summary_20260919T095316Z.json,False,False,valid_complete_sequence_long_tail,retained
otns,ucast,3,parent_response_to_child_id_request_ms,11.336,1.0959999999999992,10.056000000000001,results/smoke/ucast-3routers-pcap-validation-20260919/run_070/baseline_summary_20260919T095358Z.json,False,False,valid_complete_sequence_long_tail,retained
otns,ucast,3,parent_response_to_child_id_request_ms,12.936,1.0959999999999992,10.056000000000001,results/smoke/ucast-3routers-pcap-validation-20260919/run_083/baseline_summary_20260919T095412Z.json,False,False,valid_complete_sequence_long_tail,retained
otns,ucast,3,child_id_request_to_response_ms,10.216,1.6559999999999997,8.936,results/smoke/ucast-3routers-pcap-validation-20260919/run_006/baseline_summary_20260919T095302Z.json,False,False,valid_complete_sequence_long_tail,retained
otns,ucast,3,child_id_request_to_response_ms,10.216,1.6559999999999997,8.936,results/smoke/ucast-3routers-pcap-validation-20260919/run_014/baseline_summary_20260919T095309Z.json,False,False,valid_complete_sequence_long_tail,retained
otns,ucast,3,child_id_request_to_response_ms,13.096,1.6559999999999997,8.936,results/smoke/ucast-3routers-pcap-validation-20260919/run_043/baseline_summary_20260919T095336Z.json,False,False,valid_complete_sequence_long_tail,retained
otns,ucast,3,full_attach_ms,24223.416,-484.1479999999999,1050.252,results/smoke/ucast-3routers-pcap-validation-20260919/run_089/baseline_summary_20260919T095417Z.json,True,False,retransmission_or_repeated_attempt,retained
otns,ucast,4,parent_response_to_child_id_request_ms,12.936,2.3760000000000003,9.096,results/smoke/ucast-4routers-pcap-validation-20260919/run_026/baseline_summary_20260919T095325Z.json,False,False,valid_complete_sequence_long_tail,retained
otns,ucast,4,parent_response_to_child_id_request_ms,29.128,2.3760000000000003,9.096,results/smoke/ucast-4routers-pcap-validation-20260919/run_044/baseline_summary_20260919T095341Z.json,True,False,retransmission_or_repeated_attempt,retained
otns,ucast,4,parent_response_to_child_id_request_ms,11.016,2.3760000000000003,9.096,results/smoke/ucast-4routers-pcap-validation-20260919/run_070/baseline_summary_20260919T095405Z.json,False,False,valid_complete_sequence_long_tail,retained
otns,ucast,4,parent_response_to_child_id_request_ms,12.184,2.3760000000000003,9.096,results/smoke/ucast-4routers-pcap-validation-20260919/run_085/baseline_summary_20260919T095419Z.json,True,False,retransmission_or_repeated_attempt,retained
otns,ucast,4,parent_response_to_child_id_request_ms,13.576,2.3760000000000003,9.096,results/smoke/ucast-4routers-pcap-validation-20260919/run_102/baseline_summary_20260919T095431Z.json,False,False,valid_complete_sequence_long_tail,retained
otns,ucast,4,parent_response_to_child_id_request_ms,10.696,2.3760000000000003,9.096,results/smoke/ucast-4routers-pcap-replacements-20260919/run_003/baseline_summary_20260919T100141Z.json,False,False,valid_complete_sequence_long_tail,retained
otns,ucast,4,child_id_request_to_response_ms,9.256,2.216,8.936,results/smoke/ucast-4routers-pcap-validation-20260919/run_026/baseline_summary_20260919T095325Z.json,False,False,valid_complete_sequence_long_tail,retained
otns,ucast,4,child_id_request_to_response_ms,9.256,2.216,8.936,results/smoke/ucast-4routers-pcap-validation-20260919/run_032/baseline_summary_20260919T095325Z.json,False,False,valid_complete_sequence_long_tail,retained
otns,ucast,4,child_id_request_to_response_ms,20.552,2.216,8.936,results/smoke/ucast-4routers-pcap-validation-20260919/run_044/baseline_summary_20260919T095341Z.json,True,False,retransmission_or_repeated_attempt,retained
otns,fast-attach-corrected,2,child_id_request_to_response_ms,10.536,0.935999999999999,9.896,results/smoke/fast-attach-corrected-2routers-pcap-validation-20260919/run_041/baseline_summary_20260919T112839Z.json,False,False,valid_complete_sequence_long_tail,retained
otns,fast-attach-corrected,3,parent_response_to_child_id_request_ms,21.064,2.056,9.336,results/smoke/fast-attach-corrected-3routers-pcap-validation-20260919/run_004/baseline_summary_20260919T112819Z.json,False,False,valid_complete_sequence_long_tail,retained
otns,fast-attach-corrected,3,parent_response_to_child_id_request_ms,10.696,2.056,9.336,results/smoke/fast-attach-corrected-3routers-pcap-validation-20260919/run_040/baseline_summary_20260919T112839Z.json,False,False,valid_complete_sequence_long_tail,retained
otns,fast-attach-corrected,3,parent_response_to_child_id_request_ms,9.816,2.056,9.336,results/smoke/fast-attach-corrected-3routers-pcap-validation-20260919/run_044/baseline_summary_20260919T112843Z.json,False,False,valid_complete_sequence_long_tail,retained
otns,fast-attach-corrected,3,parent_response_to_child_id_request_ms,17.416,2.056,9.336,results/smoke/fast-attach-corrected-3routers-pcap-validation-20260919/run_054/baseline_summary_20260919T112849Z.json,False,False,valid_complete_sequence_long_tail,retained
otns,fast-attach-corrected,3,parent_response_to_child_id_request_ms,14.216,2.056,9.336,results/smoke/fast-attach-corrected-3routers-pcap-validation-20260919/run_061/baseline_summary_20260919T112854Z.json,False,False,valid_complete_sequence_long_tail,retained
otns,fast-attach-corrected,3,parent_response_to_child_id_request_ms,18.056,2.056,9.336,results/smoke/fast-attach-corrected-3routers-pcap-validation-20260919/run_081/baseline_summary_20260919T112906Z.json,False,False,valid_complete_sequence_long_tail,retained
otns,fast-attach-corrected,3,parent_response_to_child_id_request_ms,11.976,2.056,9.336,results/smoke/fast-attach-corrected-3routers-pcap-validation-20260919/run_086/baseline_summary_20260919T112908Z.json,False,False,valid_complete_sequence_long_tail,retained
otns,fast-attach-corrected,3,parent_response_to_child_id_request_ms,16.456,2.056,9.336,results/smoke/fast-attach-corrected-3routers-pcap-validation-20260919/run_098/baseline_summary_20260919T112914Z.json,False,False,valid_complete_sequence_long_tail,retained
otns,fast-attach-corrected,3,child_id_request_to_response_ms,14.696,2.216,8.936,results/smoke/fast-attach-corrected-3routers-pcap-validation-20260919/run_005/baseline_summary_20260919T112819Z.json,False,False,valid_complete_sequence_long_tail,retained
otns,fast-attach-corrected,3,child_id_request_to_response_ms,9.576,2.216,8.936,results/smoke/fast-attach-corrected-3routers-pcap-validation-20260919/run_019/baseline_summary_20260919T112829Z.json,False,False,valid_complete_sequence_long_tail,retained
otns,fast-attach-corrected,3,child_id_request_to_response_ms,13.096,2.216,8.936,results/smoke/fast-attach-corrected-3routers-pcap-validation-20260919/run_034/baseline_summary_20260919T112838Z.json,False,False,valid_complete_sequence_long_tail,retained
otns,fast-attach-corrected,3,child_id_request_to_response_ms,19.496,2.216,8.936,results/smoke/fast-attach-corrected-3routers-pcap-validation-20260919/run_051/baseline_summary_20260919T112848Z.json,False,False,valid_complete_sequence_long_tail,retained
otns,fast-attach-corrected,3,child_id_request_to_response_ms,12.456,2.216,8.936,results/smoke/fast-attach-corrected-3routers-pcap-validation-20260919/run_073/baseline_summary_20260919T112901Z.json,False,False,valid_complete_sequence_long_tail,retained
otns,fast-attach-corrected,3,child_id_request_to_response_ms,11.816,2.216,8.936,results/smoke/fast-attach-corrected-3routers-pcap-validation-20260919/run_079/baseline_summary_20260919T112903Z.json,False,False,valid_complete_sequence_long_tail,retained
otns,fast-attach-corrected,3,child_id_request_to_response_ms,15.336,2.216,8.936,results/smoke/fast-attach-corrected-3routers-pcap-validation-20260919/run_085/baseline_summary_20260919T112908Z.json,False,False,valid_complete_sequence_long_tail,retained
otns,fast-attach-corrected,4,parent_response_to_child_id_request_ms,17.736,2.3760000000000003,9.096,results/smoke/fast-attach-corrected-4routers-pcap-validation-20260919/run_072/baseline_summary_20260919T112905Z.json,False,False,valid_complete_sequence_long_tail,retained
otns,fast-attach-corrected,4,parent_response_to_child_id_request_ms,9.672,2.3760000000000003,9.096,results/smoke/fast-attach-corrected-4routers-pcap-validation-20260919/run_093/baseline_summary_20260919T112918Z.json,False,False,valid_complete_sequence_long_tail,retained
otns,fast-attach-corrected,4,child_id_request_to_response_ms,13.416,0.935999999999999,9.896,results/smoke/fast-attach-corrected-4routers-pcap-validation-20260919/run_019/baseline_summary_20260919T112831Z.json,False,False,valid_complete_sequence_long_tail,retained
otns,fast-attach-corrected,4,child_id_request_to_response_ms,14.696,0.935999999999999,9.896,results/smoke/fast-attach-corrected-4routers-pcap-validation-20260919/run_030/baseline_summary_20260919T112837Z.json,False,False,valid_complete_sequence_long_tail,retained
otns,fast-attach-corrected,4,child_id_request_to_response_ms,15.016,0.935999999999999,9.896,results/smoke/fast-attach-corrected-4routers-pcap-validation-20260919/run_047/baseline_summary_20260919T112849Z.json,False,False,valid_complete_sequence_long_tail,retained
otns,fast-attach-corrected,4,child_id_request_to_response_ms,15.656,0.935999999999999,9.896,results/smoke/fast-attach-corrected-4routers-pcap-validation-20260919/run_048/baseline_summary_20260919T112849Z.json,False,False,valid_complete_sequence_long_tail,retained
otns,fast-attach-corrected,4,child_id_request_to_response_ms,14.056,0.935999999999999,9.896,results/smoke/fast-attach-corrected-4routers-pcap-validation-20260919/run_052/baseline_summary_20260919T112853Z.json,False,False,valid_complete_sequence_long_tail,retained
otns,fast-attach-corrected,4,child_id_request_to_response_ms,12.776,0.935999999999999,9.896,results/smoke/fast-attach-corrected-4routers-pcap-validation-20260919/run_053/baseline_summary_20260919T112854Z.json,False,False,valid_complete_sequence_long_tail,retained
otns,fast-attach-corrected,4,child_id_request_to_response_ms,13.672,0.935999999999999,9.896,results/smoke/fast-attach-corrected-4routers-pcap-validation-20260919/run_062/baseline_summary_20260919T112900Z.json,False,False,valid_complete_sequence_long_tail,retained
otns,fast-attach-corrected,4,child_id_request_to_response_ms,12.776,0.935999999999999,9.896,results/smoke/fast-attach-corrected-4routers-pcap-validation-20260919/run_076/baseline_summary_20260919T112909Z.json,False,False,valid_complete_sequence_long_tail,retained
otns,fast-attach-corrected,4,child_id_request_to_response_ms,13.096,0.935999999999999,9.896,results/smoke/fast-attach-corrected-4routers-pcap-validation-20260919/run_084/baseline_summary_20260919T112913Z.json,False,False,valid_complete_sequence_long_tail,retained
otns,fast-attach-ucast-1,2,parent_request_to_response_ms,11.72,-0.5760000000000014,9.952000000000002,results/smoke/fast-attach-ucast-1-2routers-pcap-validation-20260919/run_012/baseline_summary_20260919T090252Z.json,False,False,valid_complete_sequence_long_tail,retained
otns,fast-attach-ucast-1,2,parent_request_to_response_ms,13.504,-0.5760000000000014,9.952000000000002,results/smoke/fast-attach-ucast-1-2routers-pcap-validation-20260919/run_023/baseline_summary_20260919T090254Z.json,False,False,valid_complete_sequence_long_tail,retained
otns,fast-attach-ucast-1,2,parent_request_to_response_ms,10.184,-0.5760000000000014,9.952000000000002,results/smoke/fast-attach-ucast-1-2routers-pcap-validation-20260919/run_026/baseline_summary_20260919T090257Z.json,False,False,valid_complete_sequence_long_tail,retained
otns,fast-attach-ucast-1,2,parent_request_to_response_ms,16.32,-0.5760000000000014,9.952000000000002,results/smoke/fast-attach-ucast-1-2routers-pcap-validation-20260919/run_033/baseline_summary_20260919T090259Z.json,False,False,valid_complete_sequence_long_tail,retained
otns,fast-attach-ucast-1,2,parent_request_to_response_ms,16.32,-0.5760000000000014,9.952000000000002,results/smoke/fast-attach-ucast-1-2routers-pcap-validation-20260919/run_055/baseline_summary_20260919T090304Z.json,False,False,valid_complete_sequence_long_tail,retained
otns,fast-attach-ucast-1,2,parent_request_to_response_ms,13.44,-0.5760000000000014,9.952000000000002,results/smoke/fast-attach-ucast-1-2routers-pcap-validation-20260919/run_080/baseline_summary_20260919T090311Z.json,False,False,valid_complete_sequence_long_tail,retained
otns,fast-attach-ucast-1,2,parent_response_to_child_id_request_ms,11.016,1.0959999999999992,10.056000000000001,results/smoke/fast-attach-ucast-1-2routers-pcap-validation-20260919/run_008/baseline_summary_20260919T090249Z.json,False,False,valid_complete_sequence_long_tail,retained
otns,fast-attach-ucast-1,2,parent_response_to_child_id_request_ms,16.456,1.0959999999999992,10.056000000000001,results/smoke/fast-attach-ucast-1-2routers-pcap-validation-20260919/run_065/baseline_summary_20260919T090309Z.json,False,False,valid_complete_sequence_long_tail,retained
otns,fast-attach-ucast-1,2,parent_response_to_child_id_request_ms,14.536,1.0959999999999992,10.056000000000001,results/smoke/fast-attach-ucast-1-2routers-pcap-validation-20260919/run_077/baseline_summary_20260919T090311Z.json,False,False,valid_complete_sequence_long_tail,retained
otns,fast-attach-ucast-1,2,parent_response_to_child_id_request_ms,12.936,1.0959999999999992,10.056000000000001,results/smoke/fast-attach-ucast-1-2routers-pcap-validation-20260919/run_083/baseline_summary_20260919T090314Z.json,False,False,valid_complete_sequence_long_tail,retained
otns,fast-attach-ucast-1,2,parent_response_to_child_id_request_ms,17.096,1.0959999999999992,10.056000000000001,results/smoke/fast-attach-ucast-1-2routers-pcap-validation-20260919/run_086/baseline_summary_20260919T090314Z.json,False,False,valid_complete_sequence_long_tail,retained
otns,fast-attach-ucast-1,2,parent_response_to_child_id_request_ms,10.696,1.0959999999999992,10.056000000000001,results/smoke/fast-attach-ucast-1-2routers-pcap-validation-20260919/run_091/baseline_summary_20260919T090316Z.json,False,False,valid_complete_sequence_long_tail,retained
otns,fast-attach-ucast-1,2,child_id_request_to_response_ms,14.824,0.935999999999999,9.896,results/smoke/fast-attach-ucast-1-2routers-pcap-validation-20260919/run_025/baseline_summary_20260919T090257Z.json,False,False,valid_complete_sequence_long_tail,retained
otns,fast-attach-ucast-1,2,child_id_request_to_response_ms,14.696,0.935999999999999,9.896,results/smoke/fast-attach-ucast-1-2routers-pcap-validation-20260919/run_063/baseline_summary_20260919T090307Z.json,False,False,valid_complete_sequence_long_tail,retained
otns,fast-attach-ucast-1,3,parent_request_to_response_ms,13.96,-3.6959999999999997,13.411999999999999,results/smoke/fast-attach-ucast-1-3routers-pcap-validation-20260919/run_016/baseline_summary_20260919T090324Z.json,False,False,valid_complete_sequence_long_tail,retained
otns,fast-attach-ucast-1,3,parent_request_to_response_ms,14.28,-3.6959999999999997,13.411999999999999,results/smoke/fast-attach-ucast-1-3routers-pcap-validation-20260919/run_038/baseline_summary_20260919T090332Z.json,False,False,valid_complete_sequence_long_tail,retained
otns,fast-attach-ucast-1,3,parent_response_to_child_id_request_ms,12.504,1.0959999999999992,10.056000000000001,results/smoke/fast-attach-ucast-1-3routers-pcap-validation-20260919/run_014/baseline_summary_20260919T090324Z.json,True,False,retransmission_or_repeated_attempt,retained
otns,fast-attach-ucast-1,3,parent_response_to_child_id_request_ms,10.904,1.0959999999999992,10.056000000000001,results/smoke/fast-attach-ucast-1-3routers-pcap-validation-20260919/run_036/baseline_summary_20260919T090332Z.json,True,False,retransmission_or_repeated_attempt,retained
otns,fast-attach-ucast-1,3,parent_response_to_child_id_request_ms,13.896,1.0959999999999992,10.056000000000001,results/smoke/fast-attach-ucast-1-3routers-pcap-validation-20260919/run_056/baseline_summary_20260919T090337Z.json,False,True,duplicate_selected_mac_sequence,retained
otns,fast-attach-ucast-1,3,child_id_request_to_response_ms,9.896,1.896,8.616,results/smoke/fast-attach-ucast-1-3routers-pcap-validation-20260919/run_002/baseline_summary_20260919T090321Z.json,False,False,valid_complete_sequence_long_tail,retained
otns,fast-attach-ucast-1,3,child_id_request_to_response_ms,11.816,1.896,8.616,results/smoke/fast-attach-ucast-1-3routers-pcap-validation-20260919/run_005/baseline_summary_20260919T090321Z.json,False,False,valid_complete_sequence_long_tail,retained
otns,fast-attach-ucast-1,3,child_id_request_to_response_ms,13.736,1.896,8.616,results/smoke/fast-attach-ucast-1-3routers-pcap-validation-20260919/run_033/baseline_summary_20260919T090332Z.json,False,False,valid_complete_sequence_long_tail,retained
otns,fast-attach-ucast-1,3,child_id_request_to_response_ms,15.656,1.896,8.616,results/smoke/fast-attach-ucast-1-3routers-pcap-validation-20260919/run_058/baseline_summary_20260919T090340Z.json,False,False,valid_complete_sequence_long_tail,retained
otns,fast-attach-ucast-1,3,child_id_request_to_response_ms,9.576,1.896,8.616,results/smoke/fast-attach-ucast-1-3routers-pcap-validation-20260919/run_067/baseline_summary_20260919T090343Z.json,False,False,valid_complete_sequence_long_tail,retained
otns,fast-attach-ucast-1,3,child_id_request_to_response_ms,11.496,1.896,8.616,results/smoke/fast-attach-ucast-1-3routers-pcap-validation-20260919/run_073/baseline_summary_20260919T090345Z.json,False,False,valid_complete_sequence_long_tail,retained
otns,fast-attach-ucast-1,3,child_id_request_to_response_ms,11.816,1.896,8.616,results/smoke/fast-attach-ucast-1-3routers-pcap-validation-20260919/run_074/baseline_summary_20260919T090345Z.json,False,False,valid_complete_sequence_long_tail,retained
otns,fast-attach-ucast-1,3,child_id_request_to_response_ms,13.736,1.896,8.616,results/smoke/fast-attach-ucast-1-3routers-pcap-validation-20260919/run_088/baseline_summary_20260919T090348Z.json,False,False,valid_complete_sequence_long_tail,retained
otns,fast-attach-ucast-1,3,child_id_request_to_response_ms,8.936,1.896,8.616,results/smoke/fast-attach-ucast-1-3routers-pcap-validation-20260919/run_097/baseline_summary_20260919T090354Z.json,False,False,valid_complete_sequence_long_tail,retained
otns,fast-attach-ucast-1,3,child_id_request_to_response_ms,11.176,1.896,8.616,results/smoke/fast-attach-ucast-1-3routers-pcap-validation-20260919/run_098/baseline_summary_20260919T090354Z.json,False,False,valid_complete_sequence_long_tail,retained
otns,fast-attach-ucast-1,4,parent_request_to_response_ms,13.608,-2.2059999999999995,12.367999999999999,results/smoke/fast-attach-ucast-1-4routers-pcap-validation-20260919/run_020/baseline_summary_20260919T090402Z.json,False,False,valid_complete_sequence_long_tail,retained
otns,fast-attach-ucast-1,4,parent_request_to_response_ms,13.656,-2.2059999999999995,12.367999999999999,results/smoke/fast-attach-ucast-1-4routers-pcap-validation-20260919/run_027/baseline_summary_20260919T090405Z.json,True,False,retransmission_or_repeated_attempt,retained
otns,fast-attach-ucast-1,4,parent_response_to_child_id_request_ms,15.176,1.0959999999999992,10.056000000000001,results/smoke/fast-attach-ucast-1-4routers-pcap-validation-20260919/run_013/baseline_summary_20260919T090359Z.json,False,False,valid_complete_sequence_long_tail,retained
otns,fast-attach-ucast-1,4,parent_response_to_child_id_request_ms,11.864,1.0959999999999992,10.056000000000001,results/smoke/fast-attach-ucast-1-4routers-pcap-validation-20260919/run_015/baseline_summary_20260919T090359Z.json,True,False,retransmission_or_repeated_attempt,retained
otns,fast-attach-ucast-1,4,parent_response_to_child_id_request_ms,16.456,1.0959999999999992,10.056000000000001,results/smoke/fast-attach-ucast-1-4routers-pcap-validation-20260919/run_028/baseline_summary_20260919T090406Z.json,False,False,valid_complete_sequence_long_tail,retained
otns,fast-attach-ucast-1,4,parent_response_to_child_id_request_ms,14.536,1.0959999999999992,10.056000000000001,results/smoke/fast-attach-ucast-1-4routers-pcap-validation-20260919/run_042/baseline_summary_20260919T090412Z.json,False,False,valid_complete_sequence_long_tail,retained
otns,fast-attach-ucast-1,4,parent_response_to_child_id_request_ms,15.496,1.0959999999999992,10.056000000000001,results/smoke/fast-attach-ucast-1-4routers-pcap-validation-20260919/run_059/baseline_summary_20260919T090418Z.json,False,False,valid_complete_sequence_long_tail,retained
otns,fast-attach-ucast-1,4,parent_response_to_child_id_request_ms,12.073,1.0959999999999992,10.056000000000001,results/smoke/fast-attach-ucast-1-4routers-pcap-validation-20260919/run_066/baseline_summary_20260919T090421Z.json,True,False,retransmission_or_repeated_attempt,retained
otns,fast-attach-ucast-1,4,parent_response_to_child_id_request_ms,134.68,1.0959999999999992,10.056000000000001,results/smoke/fast-attach-ucast-1-4routers-pcap-validation-20260919/run_085/baseline_summary_20260919T090427Z.json,True,False,retransmission_or_repeated_attempt,retained
otns,fast-attach-ucast-1,4,parent_response_to_child_id_request_ms,11.224,1.0959999999999992,10.056000000000001,results/smoke/fast-attach-ucast-1-4routers-pcap-validation-20260919/run_091/baseline_summary_20260919T090430Z.json,True,False,retransmission_or_repeated_attempt,retained
otns,fast-attach-ucast-1,4,parent_response_to_child_id_request_ms,12.504,1.0959999999999992,10.056000000000001,results/smoke/fast-attach-ucast-1-4routers-pcap-validation-20260919/run_096/baseline_summary_20260919T090430Z.json,True,False,retransmission_or_repeated_attempt,retained
otns,fast-attach-ucast-1,4,parent_response_to_child_id_request_ms,10.584,1.0959999999999992,10.056000000000001,results/smoke/fast-attach-ucast-1-4routers-pcap-replacements-20260919/run_003/baseline_summary_20260919T090454Z.json,True,False,retransmission_or_repeated_attempt,retained
otns,fast-attach-ucast-1,4,child_id_request_to_response_ms,14.424,-1.2240000000000002,12.776,results/smoke/fast-attach-ucast-1-4routers-pcap-validation-20260919/run_004/baseline_summary_20260919T090356Z.json,True,False,retransmission_or_repeated_attempt,retained
otns,fast-attach-ucast-1,4,child_id_request_to_response_ms,12.824,-1.2240000000000002,12.776,results/smoke/fast-attach-ucast-1-4routers-pcap-validation-20260919/run_030/baseline_summary_20260919T090406Z.json,True,False,retransmission_or_repeated_attempt,retained
otns,fast-attach-ucast-1,4,child_id_request_to_response_ms,15.976,-1.2240000000000002,12.776,results/smoke/fast-attach-ucast-1-4routers-pcap-validation-20260919/run_064/baseline_summary_20260919T090418Z.json,False,False,valid_complete_sequence_long_tail,retained
otns,fast-attach-ucast-1,4,full_attach_ms,151.712,-0.9760000000000044,36.95,results/smoke/fast-attach-ucast-1-4routers-pcap-validation-20260919/run_085/baseline_summary_20260919T090427Z.json,True,False,retransmission_or_repeated_attempt,retained
hardware,stock,4,child_id_request_to_response_ms,19.240856,8.815526,18.94468175,/home/ewout/.openclaw/workspace-softwaredeveloper/ESPHome-Thread-ED-Switch-Parent/testing/results/n100-comparison-2026-09/stock/4-routers/runs/run-058--20260912-165555-run18,True,False,retransmission_or_repeated_attempt,retained
hardware,fast-attach-corrected,3,parent_response_to_child_id_request_ms,22.534132,5.521773500000009,16.92181949999999,/home/ewout/.openclaw/workspace-softwaredeveloper/ESPHome-Thread-ED-Switch-Parent/testing/results/n100-comparison-2026-09/fast-attach/3-routers/runs/run-005--20260826-034540-run05,False,False,valid_complete_sequence_long_tail,retained
hardware,fast-attach-corrected,3,parent_response_to_child_id_request_ms,18.670082,5.521773500000009,16.92181949999999,/home/ewout/.openclaw/workspace-softwaredeveloper/ESPHome-Thread-ED-Switch-Parent/testing/results/n100-comparison-2026-09/fast-attach/3-routers/runs/run-014--20260826-045853-run14,False,False,valid_complete_sequence_long_tail,retained
hardware,fast-attach-corrected,3,parent_response_to_child_id_request_ms,20.604849,5.521773500000009,16.92181949999999,/home/ewout/.openclaw/workspace-softwaredeveloper/ESPHome-Thread-ED-Switch-Parent/testing/results/n100-comparison-2026-09/fast-attach/3-routers/runs/run-045--20260914-234745-run05,False,False,valid_complete_sequence_long_tail,retained
hardware,fast-attach-corrected,3,parent_response_to_child_id_request_ms,16.941071,5.521773500000009,16.92181949999999,/home/ewout/.openclaw/workspace-softwaredeveloper/ESPHome-Thread-ED-Switch-Parent/testing/results/n100-comparison-2026-09/fast-attach/3-routers/runs/run-054--20260915-010104-run14,False,False,valid_complete_sequence_long_tail,retained
hardware,fast-attach-corrected,3,parent_response_to_child_id_request_ms,19.695997,5.521773500000009,16.92181949999999,/home/ewout/.openclaw/workspace-softwaredeveloper/ESPHome-Thread-ED-Switch-Parent/testing/results/n100-comparison-2026-09/fast-attach/3-routers/runs/run-077--20260911-023434-run17,False,False,valid_complete_sequence_long_tail,retained
hardware,fast-attach-corrected,3,child_id_request_to_response_ms,19.842863,8.188545,19.55813225,/home/ewout/.openclaw/workspace-softwaredeveloper/ESPHome-Thread-ED-Switch-Parent/testing/results/n100-comparison-2026-09/fast-attach/3-routers/runs/run-012--20260826-044236-run12,False,False,valid_complete_sequence_long_tail,retained
hardware,fast-attach-corrected,3,child_id_request_to_response_ms,26.678085,8.188545,19.55813225,/home/ewout/.openclaw/workspace-softwaredeveloper/ESPHome-Thread-ED-Switch-Parent/testing/results/n100-comparison-2026-09/fast-attach/3-routers/runs/run-013--20260826-045045-run13,False,False,valid_complete_sequence_long_tail,retained
hardware,fast-attach-corrected,3,child_id_request_to_response_ms,19.688129,8.188545,19.55813225,/home/ewout/.openclaw/workspace-softwaredeveloper/ESPHome-Thread-ED-Switch-Parent/testing/results/n100-comparison-2026-09/fast-attach/3-routers/runs/run-033--20260914-160154-run13,False,False,valid_complete_sequence_long_tail,retained
hardware,fast-attach-corrected,3,child_id_request_to_response_ms,20.215988,8.188545,19.55813225,/home/ewout/.openclaw/workspace-softwaredeveloper/ESPHome-Thread-ED-Switch-Parent/testing/results/n100-comparison-2026-09/fast-attach/3-routers/runs/run-039--20260914-165047-run19,False,False,valid_complete_sequence_long_tail,retained
hardware,fast-attach-corrected,3,child_id_request_to_response_ms,32.710075,8.188545,19.55813225,/home/ewout/.openclaw/workspace-softwaredeveloper/ESPHome-Thread-ED-Switch-Parent/testing/results/n100-comparison-2026-09/fast-attach/3-routers/runs/run-065--20260911-005651-run05,False,False,valid_complete_sequence_long_tail,retained
hardware,fast-attach-corrected,4,parent_response_to_child_id_request_ms,19.279957,5.507647250000003,16.907275,/home/ewout/.openclaw/workspace-softwaredeveloper/ESPHome-Thread-ED-Switch-Parent/testing/results/n100-comparison-2026-09/fast-attach/4-routers/runs/run-017--20260826-080901-run17,False,False,valid_complete_sequence_long_tail,retained
hardware,fast-attach-corrected,4,parent_response_to_child_id_request_ms,35.312891,5.507647250000003,16.907275,/home/ewout/.openclaw/workspace-softwaredeveloper/ESPHome-Thread-ED-Switch-Parent/testing/results/n100-comparison-2026-09/fast-attach/4-routers/runs/run-018--20260826-081714-run18,False,False,valid_complete_sequence_long_tail,retained
hardware,fast-attach-corrected,4,parent_response_to_child_id_request_ms,26.775837,5.507647250000003,16.907275,/home/ewout/.openclaw/workspace-softwaredeveloper/ESPHome-Thread-ED-Switch-Parent/testing/results/n100-comparison-2026-09/fast-attach/4-routers/runs/run-032--20260914-184802-run13,False,False,valid_complete_sequence_long_tail,retained
hardware,fast-attach-corrected,4,parent_response_to_child_id_request_ms,19.117117,5.507647250000003,16.907275,/home/ewout/.openclaw/workspace-softwaredeveloper/ESPHome-Thread-ED-Switch-Parent/testing/results/n100-comparison-2026-09/fast-attach/4-routers/runs/run-034--20260914-190430-run15,False,False,valid_complete_sequence_long_tail,retained
hardware,fast-attach-corrected,4,parent_response_to_child_id_request_ms,23.634911,5.507647250000003,16.907275,/home/ewout/.openclaw/workspace-softwaredeveloper/ESPHome-Thread-ED-Switch-Parent/testing/results/n100-comparison-2026-09/fast-attach/4-routers/runs/run-040--20260915-015840-run01,False,False,valid_complete_sequence_long_tail,retained
hardware,fast-attach-corrected,4,parent_response_to_child_id_request_ms,24.568796,5.507647250000003,16.907275,/home/ewout/.openclaw/workspace-softwaredeveloper/ESPHome-Thread-ED-Switch-Parent/testing/results/n100-comparison-2026-09/fast-attach/4-routers/runs/run-048--20260915-030431-run09,False,False,valid_complete_sequence_long_tail,retained
hardware,fast-attach-corrected,4,parent_response_to_child_id_request_ms,17.846823,5.507647250000003,16.907275,/home/ewout/.openclaw/workspace-softwaredeveloper/ESPHome-Thread-ED-Switch-Parent/testing/results/n100-comparison-2026-09/fast-attach/4-routers/runs/run-059--20260915-043505-run20,False,False,valid_complete_sequence_long_tail,retained
hardware,fast-attach-corrected,4,parent_response_to_child_id_request_ms,17.246962,5.507647250000003,16.907275,/home/ewout/.openclaw/workspace-softwaredeveloper/ESPHome-Thread-ED-Switch-Parent/testing/results/n100-comparison-2026-09/fast-attach/4-routers/runs/run-066--20260911-064033-run07,False,False,valid_complete_sequence_long_tail,retained
hardware,fast-attach-corrected,4,parent_response_to_child_id_request_ms,30.066013,5.507647250000003,16.907275,/home/ewout/.openclaw/workspace-softwaredeveloper/ESPHome-Thread-ED-Switch-Parent/testing/results/n100-comparison-2026-09/fast-attach/4-routers/runs/run-091--20260911-100616-run32,False,False,valid_complete_sequence_long_tail,retained
hardware,fast-attach-corrected,4,parent_response_to_child_id_request_ms,18.826008,5.507647250000003,16.907275,/home/ewout/.openclaw/workspace-softwaredeveloper/ESPHome-Thread-ED-Switch-Parent/testing/results/n100-comparison-2026-09/fast-attach/4-routers/runs/run-095--20260911-103910-run36,False,False,valid_complete_sequence_long_tail,retained
hardware,fast-attach-corrected,4,child_id_request_to_response_ms,25.732994,8.843838499999995,19.504129750000004,/home/ewout/.openclaw/workspace-softwaredeveloper/ESPHome-Thread-ED-Switch-Parent/testing/results/n100-comparison-2026-09/fast-attach/4-routers/runs/run-008--20260826-065504-run08,False,False,valid_complete_sequence_long_tail,retained
hardware,fast-attach-corrected,4,child_id_request_to_response_ms,27.867079,8.843838499999995,19.504129750000004,/home/ewout/.openclaw/workspace-softwaredeveloper/ESPHome-Thread-ED-Switch-Parent/testing/results/n100-comparison-2026-09/fast-attach/4-routers/runs/run-027--20260914-180651-run08,False,False,valid_complete_sequence_long_tail,retained
hardware,fast-attach-corrected,4,child_id_request_to_response_ms,21.263123,8.843838499999995,19.504129750000004,/home/ewout/.openclaw/workspace-softwaredeveloper/ESPHome-Thread-ED-Switch-Parent/testing/results/n100-comparison-2026-09/fast-attach/4-routers/runs/run-032--20260914-184802-run13,False,False,valid_complete_sequence_long_tail,retained
hardware,fast-attach-corrected,4,child_id_request_to_response_ms,21.709204,8.843838499999995,19.504129750000004,/home/ewout/.openclaw/workspace-softwaredeveloper/ESPHome-Thread-ED-Switch-Parent/testing/results/n100-comparison-2026-09/fast-attach/4-routers/runs/run-053--20260915-034541-run14,True,False,retransmission_or_repeated_attempt,retained
hardware,fast-attach-corrected,4,child_id_request_to_response_ms,28.692961,8.843838499999995,19.504129750000004,/home/ewout/.openclaw/workspace-softwaredeveloper/ESPHome-Thread-ED-Switch-Parent/testing/results/n100-comparison-2026-09/fast-attach/4-routers/runs/run-066--20260911-064033-run07,False,False,valid_complete_sequence_long_tail,retained
hardware,fast-attach-corrected,4,child_id_request_to_response_ms,23.905993,8.843838499999995,19.504129750000004,/home/ewout/.openclaw/workspace-softwaredeveloper/ESPHome-Thread-ED-Switch-Parent/testing/results/n100-comparison-2026-09/fast-attach/4-routers/runs/run-081--20260911-084359-run22,False,False,valid_complete_sequence_long_tail,retained
hardware,fast-attach-corrected,4,child_id_request_to_response_ms,27.603149,8.843838499999995,19.504129750000004,/home/ewout/.openclaw/workspace-softwaredeveloper/ESPHome-Thread-ED-Switch-Parent/testing/results/n100-comparison-2026-09/fast-attach/4-routers/runs/run-084--20260911-090841-run25,False,False,valid_complete_sequence_long_tail,retained
hardware,fast-attach-ucast-1,2,parent_request_to_response_ms,18.980026,5.342421750000003,17.251493749999998,/home/ewout/.openclaw/workspace-softwaredeveloper/ESPHome-Thread-ED-Switch-Parent/testing/results/n100-comparison-2026-09/fast-attach-ucast-1/2-routers/runs/run-092--20260916-022637-run32,True,False,retransmission_or_repeated_attempt,retained
hardware,fast-attach-ucast-1,2,full_attach_ms,43.975115,27.806402250000005,43.6395395,/home/ewout/.openclaw/workspace-softwaredeveloper/ESPHome-Thread-ED-Switch-Parent/testing/results/n100-comparison-2026-09/fast-attach-ucast-1/2-routers/runs/run-092--20260916-022637-run32,True,False,retransmission_or_repeated_attempt,retained
