routers,sample_index,source_summary,pcap_file,pcap_sha256,pcap_parent_request_to_response_ms,event_parent_request_to_response_ms,pcap_parent_response_to_child_id_request_ms,event_parent_response_to_child_id_request_ms,pcap_child_id_request_to_response_ms,event_child_id_request_to_response_ms,pcap_parent_request_to_child_id_response_ms,event_parent_request_to_child_id_response_ms,child_id_request_frame,child_id_request_timestamp_s,child_id_response_frame,child_id_response_timestamp_s,parent_request_frame,parent_request_timestamp_s,parent_response_frame,parent_response_timestamp_s
2,1,results/smoke/ucast-2routers-pcap-validation-20260919/run_001/baseline_summary_20260919T095302Z.json,pcaps/2_routers/run_001.pcap,de6453a416e71aa39340d9e0f7848732791abd56389077618f32663c143dd757,253.256,262.448,4.616,0.0,6.056,9.808,263.928,272.256,75,185.264256,77,185.270312,69,185.006384,73,185.25964
2,2,results/smoke/ucast-2routers-pcap-validation-20260919/run_002/baseline_summary_20260919T095302Z.json,pcaps/2_routers/run_002.pcap,7faaa0999258bec273cfcd2789741e4f3f766646cbcb92fde74b4fe3c6771513,324.4,336.472,7.496,0.0,5.416,12.048,337.312,348.52,82,185.34116,84,185.346576,78,185.009264,80,185.333664
2,3,results/smoke/ucast-2routers-pcap-validation-20260919/run_003/baseline_summary_20260919T095302Z.json,pcaps/2_routers/run_003.pcap,9b4ca783c8ba528bde06fb549a508bc626f427bcc5a206b89fc57365736d0f89,183.8,194.424,5.256,0.0,4.456,8.848,193.512,203.272,82,185.19768,84,185.202136,78,185.008624,80,185.192424
2,4,results/smoke/ucast-2routers-pcap-validation-20260919/run_004/baseline_summary_20260919T095302Z.json,pcaps/2_routers/run_004.pcap,0b5f84b7a06b9a285e51752db86754a607c7ace20b0248a29cd2c8fda673b53c,360.4,371.512,6.216,0.0,5.416,10.768,372.032,382.28,85,185.37492,87,185.380336,81,185.008304,83,185.368704
2,5,results/smoke/ucast-2routers-pcap-validation-20260919/run_005/baseline_summary_20260919T095302Z.json,pcaps/2_routers/run_005.pcap,ece9ea2bd932115c52582f54b0af830525a27e6e1524232ae483b04653b0a753,69.872,78.104,5.896,0.0,5.096,10.128,80.864,88.232,84,185.081192,86,185.086288,78,185.005424,82,185.075296
2,6,results/smoke/ucast-2routers-pcap-validation-20260919/run_006/baseline_summary_20260919T095302Z.json,pcaps/2_routers/run_006.pcap,e650746d5903815f7ddc423b32e121d89b5d63aa26c7b4e7bba8d1bb8d4f9d51,338.872,348.064,4.616,0.0,6.056,9.808,349.544,357.872,79,185.349872,81,185.355928,73,185.006384,77,185.345256
2,7,results/smoke/ucast-2routers-pcap-validation-20260919/run_007/baseline_summary_20260919T095302Z.json,pcaps/2_routers/run_007.pcap,479c38616d7c0283853dee36312749d60565a025ff2b6e2d753c29e8e7f823e2,139.4,154.128,4.616,0.0,6.056,9.808,150.072,163.936,74,185.156104,76,185.16216,70,185.012088,72,185.151488
2,8,results/smoke/ucast-2routers-pcap-validation-20260919/run_008/baseline_summary_20260919T095302Z.json,pcaps/2_routers/run_008.pcap,1461f73a96e99d6379a6392db8730f05388a4870676587fad183f4a13bb1a946,421.76,436.864,5.576,0.0,5.096,9.808,432.432,446.672,84,185.44044,86,185.445536,80,185.013104,82,185.434864
2,9,results/smoke/ucast-2routers-pcap-validation-20260919/run_009/baseline_summary_20260919T095308Z.json,pcaps/2_routers/run_009.pcap,3fd6ede48adf2bad3550e8a0b7aa235287f4be5f9754f4e6c45443d95b7c0cad,181.4,200.512,4.936,0.0,5.416,9.488,191.752,210.0,76,185.20264,78,185.208056,72,185.016304,74,185.197704
2,10,results/smoke/ucast-2routers-pcap-validation-20260919/run_010/baseline_summary_20260919T095308Z.json,pcaps/2_routers/run_010.pcap,aa8204eca81e398105f2cd9d1015456a2393fe95057ce613631d009af9087b16,392.472,401.984,5.576,0.0,12.136,16.848,410.184,418.832,83,185.404752,85,185.416888,77,185.006704,81,185.399176
2,11,results/smoke/ucast-2routers-pcap-validation-20260919/run_011/baseline_summary_20260919T095308Z.json,pcaps/2_routers/run_011.pcap,ef2f04a8003ed3ada5b387a08a3354719f1adacb72d771498c4a19a3102b3fb6,266.76,279.792,4.936,0.0,7.976,12.048,279.672,291.84,83,185.28192,85,185.289896,79,185.010224,81,185.276984
2,12,results/smoke/ucast-2routers-pcap-validation-20260919/run_012/baseline_summary_20260919T095308Z.json,pcaps/2_routers/run_012.pcap,a5ce6b3cd6a19e6bfc99683382e1e2cff35af0b1699313be24348fbab07d2043,150.952,158.544,5.896,0.0,5.096,10.128,161.944,168.672,87,185.161632,89,185.166728,81,185.004784,85,185.155736
2,13,results/smoke/ucast-2routers-pcap-validation-20260919/run_013/baseline_summary_20260919T095308Z.json,pcaps/2_routers/run_013.pcap,4bbed3ef1c09c21c1113423849bd41fdc3fa29fcd9ca2da648ed2e7ae784b3a1,460.44,472.024,5.256,0.0,5.416,9.808,471.112,481.832,76,185.47464,78,185.480056,72,185.008944,74,185.469384
2,14,results/smoke/ucast-2routers-pcap-validation-20260919/run_014/baseline_summary_20260919T095309Z.json,pcaps/2_routers/run_014.pcap,142a7ed90e2b8ca38672f7bdbc1fcfd24f447c5c60dbba49fd35ff595310fc34,411.4,422.664,6.216,0.0,4.456,9.808,422.072,432.472,76,185.42624,78,185.430696,72,185.008624,74,185.420024
2,15,results/smoke/ucast-2routers-pcap-validation-20260919/run_015/baseline_summary_20260919T095309Z.json,pcaps/2_routers/run_015.pcap,eb7cbea57e9a32166fb1a099e7737d43ed461c4fa7e510c9dbc7880237b35572,176.992,183.136,5.896,0.0,5.736,10.768,188.624,193.904,80,185.187032,82,185.192768,74,185.004144,78,185.181136
2,16,results/smoke/ucast-2routers-pcap-validation-20260919/run_016/baseline_summary_20260919T095309Z.json,pcaps/2_routers/run_016.pcap,4d21566af3949712d0b1f827f29ad7fda22522c8ed5a3c5c0d482a3bb1b31079,92.44,110.504,5.576,0.0,4.456,9.168,102.472,119.672,77,185.11336,79,185.117816,73,185.015344,75,185.107784
2,17,results/smoke/ucast-2routers-pcap-validation-20260919/run_017/baseline_summary_20260919T095314Z.json,pcaps/2_routers/run_017.pcap,8677564f78099a48f6ff16ce93317f2a4b48c5e5ce99110ee3700e7bfe7f9b7c,431.08,445.392,4.936,0.0,6.056,10.128,442.072,455.52,77,185.44752,79,185.453576,73,185.011504,75,185.442584
2,18,results/smoke/ucast-2routers-pcap-validation-20260919/run_018/baseline_summary_20260919T095314Z.json,pcaps/2_routers/run_018.pcap,652d01117b40f6c55562eb3eb3683b3140ecbf0f47bbb83a4ea10b9a878603b1,379.12,387.504,4.936,0.0,5.736,9.808,389.792,397.312,81,185.39012,83,185.395856,77,185.006064,79,185.385184
2,19,results/smoke/ucast-2routers-pcap-validation-20260919/run_019/baseline_summary_20260919T095314Z.json,pcaps/2_routers/run_019.pcap,17a4262503ed713c312071bc0853e72f217f3695b1d9d3402357959c8b185e33,343.44,354.064,4.616,0.0,4.776,8.528,352.832,362.592,83,185.35636,85,185.361136,79,185.008304,81,185.351744
2,20,results/smoke/ucast-2routers-pcap-validation-20260919/run_020/baseline_summary_20260919T095315Z.json,pcaps/2_routers/run_020.pcap,98f862bb5bff6d2ef9bab37ef49c3401ef2851f04d7b9a90b4cd08bf26b79623,17.44,25.352,5.896,0.0,6.056,11.088,29.392,36.44,78,185.02844,80,185.034496,72,185.005104,76,185.022544
2,21,results/smoke/ucast-2routers-pcap-validation-20260919/run_021/baseline_summary_20260919T095315Z.json,pcaps/2_routers/run_021.pcap,8123c326d4bb8badbf63e6a2000a488c958362142c1ef0dfdf160d3431d03d95,328.12,339.384,7.176,0.0,5.096,11.408,340.392,350.792,81,185.34392,83,185.349016,77,185.008624,79,185.336744
2,22,results/smoke/ucast-2routers-pcap-validation-20260919/run_022/baseline_summary_20260919T095315Z.json,pcaps/2_routers/run_022.pcap,89401a17fe19c59f3242000b19da726005c7f8c9348e66fba436bdf601cc4d2c,367.12,376.144,6.216,0.0,8.616,13.968,381.952,390.112,84,185.38036,86,185.388976,80,185.007024,82,185.374144
2,23,results/smoke/ucast-2routers-pcap-validation-20260919/run_023/baseline_summary_20260919T095315Z.json,pcaps/2_routers/run_023.pcap,d713b5b60a8a4b910b12d00691906a49d707f6c1d7eae92464391cc804c40027,319.4,335.576,5.256,0.0,4.456,8.848,329.112,344.424,83,185.338024,85,185.34248,79,185.013368,81,185.332768
2,24,results/smoke/ucast-2routers-pcap-validation-20260919/run_024/baseline_summary_20260919T095315Z.json,pcaps/2_routers/run_024.pcap,38f33b15e5f6ceb3887ef2df71813f48d5f4556859a6bad759ea78be9ba880fa,392.08,404.064,4.936,0.0,5.416,9.488,402.432,413.552,83,185.40628,85,185.411696,79,185.009264,81,185.401344
2,25,results/smoke/ucast-2routers-pcap-validation-20260919/run_025/baseline_summary_20260919T095320Z.json,pcaps/2_routers/run_025.pcap,88924fd0581e75c50391c48884bfac74128b58ba3c0fbb5bde33d4464e40e888,308.8,319.104,5.256,0.0,5.736,10.128,319.792,329.232,80,185.32204,82,185.327776,76,185.007984,78,185.316784
2,26,results/smoke/ucast-2routers-pcap-validation-20260919/run_026/baseline_summary_20260919T095320Z.json,pcaps/2_routers/run_026.pcap,ab18465e5558930ece4a3a23b7139bda3e267211bb391160bce7eee65331fa35,231.96,245.632,5.256,0.0,5.096,9.488,242.312,255.12,89,185.24808,91,185.253176,84,185.010864,87,185.242824
2,27,results/smoke/ucast-2routers-pcap-validation-20260919/run_027/baseline_summary_20260919T095320Z.json,pcaps/2_routers/run_027.pcap,e3838e1873321a9c576b9e215828ea4a0b00862db5f9c366e09db957080a7869,190.76,207.784,9.096,0.0,6.056,14.288,205.912,222.072,80,185.21456,82,185.220616,76,185.014704,78,185.205464
2,28,results/smoke/ucast-2routers-pcap-validation-20260919/run_028/baseline_summary_20260919T095320Z.json,pcaps/2_routers/run_028.pcap,fbc65dbfbc0e5eaba4e2e501555c85f9fce26e86bfff5a402f8f0530cc7ce765,214.48,224.464,6.216,0.0,8.296,13.648,228.992,238.112,77,185.22836,79,185.236656,73,185.007664,75,185.222144
2,29,results/smoke/ucast-2routers-pcap-validation-20260919/run_029/baseline_summary_20260919T095321Z.json,pcaps/2_routers/run_029.pcap,7b788360615c1f70b88c26db5c20226c77c10363c8bf32901611a4956c692cc8,16.44,27.384,8.456,0.0,4.776,12.368,29.672,39.752,81,185.0332,83,185.037976,77,185.008304,79,185.024744
2,30,results/smoke/ucast-2routers-pcap-validation-20260919/run_030/baseline_summary_20260919T095321Z.json,pcaps/2_routers/run_030.pcap,48969da43481acbc4da6c95d439729585db8d38eea468af07947a850374cf6fb,463.592,471.824,8.136,0.0,5.416,12.688,477.144,484.512,83,185.477152,85,185.482568,77,185.005424,81,185.469016
2,31,results/smoke/ucast-2routers-pcap-validation-20260919/run_031/baseline_summary_20260919T095321Z.json,pcaps/2_routers/run_031.pcap,d5ec276c161e865ce99ec982bbbbf67e962114bf5ecf37193c203f18e1f6e831,175.76,185.744,4.616,0.0,5.416,9.168,185.792,194.912,83,185.18804,85,185.193456,79,185.007664,81,185.183424
2,32,results/smoke/ucast-2routers-pcap-validation-20260919/run_032/baseline_summary_20260919T095321Z.json,pcaps/2_routers/run_032.pcap,0d2a64bec1bae5ae9ce49ef3c306d24c13c559a4908f8a514a34f920bc3dfd04,121.392,127.536,4.936,0.0,5.416,9.488,131.744,137.024,78,185.130152,80,185.135568,72,185.003824,76,185.125216
2,33,results/smoke/ucast-2routers-pcap-validation-20260919/run_033/baseline_summary_20260919T095326Z.json,pcaps/2_routers/run_033.pcap,692b3e253196fbef0b970b77c97bf4f4723ad1e670091cc603e21a6965afca4e,244.44,254.424,6.216,0.0,6.056,11.408,256.712,265.832,77,185.25864,79,185.264696,73,185.007984,75,185.252424
2,34,results/smoke/ucast-2routers-pcap-validation-20260919/run_034/baseline_summary_20260919T095326Z.json,pcaps/2_routers/run_034.pcap,4c4007e306244c36bb97602503156658cd748f9fa7b6a14b19c6c3f75158a305,333.16,344.912,13.576,0.0,4.776,17.488,351.512,362.4,84,185.35568,86,185.360456,80,185.008944,82,185.342104
2,35,results/smoke/ucast-2routers-pcap-validation-20260919/run_035/baseline_summary_20260919T095327Z.json,pcaps/2_routers/run_035.pcap,d0b8c276e8137aec92f647507d5a08b5d535894fbd9627da6eb62bdd5c9bfde8,394.72,408.224,7.176,0.0,4.456,10.768,406.352,418.992,77,185.41308,79,185.417536,72,185.011184,75,185.405904
2,36,results/smoke/ucast-2routers-pcap-validation-20260919/run_036/baseline_summary_20260919T095327Z.json,pcaps/2_routers/run_036.pcap,3dbd7bca0ce8f63cc03c8da4bfe674727686ec8064b5fa8c57343f84860dc387,76.352,82.496,4.616,0.0,4.456,8.208,85.424,90.704,76,185.085112,78,185.089568,70,185.004144,74,185.080496
2,37,results/smoke/ucast-2routers-pcap-validation-20260919/run_037/baseline_summary_20260919T095327Z.json,pcaps/2_routers/run_037.pcap,9f9edaddb6bf82f8f4d3a1fbaa63492de67278a939b875b64d10a94b2c9fe6b6,151.552,160.104,6.216,0.0,6.056,11.408,163.824,171.512,78,185.163512,80,185.169568,71,185.005744,76,185.157296
2,38,results/smoke/ucast-2routers-pcap-validation-20260919/run_038/baseline_summary_20260919T095327Z.json,pcaps/2_routers/run_038.pcap,fa526dca020803aa5ce673d11aac1c42acc33b7668bcfb65d864bee12c02ec4d,298.8,310.232,5.576,0.0,9.896,14.608,314.272,324.84,75,185.313,77,185.322896,71,185.008624,73,185.307424
2,39,results/smoke/ucast-2routers-pcap-validation-20260919/run_039/baseline_summary_20260919T095327Z.json,pcaps/2_routers/run_039.pcap,12600ed9cafd0f4ea8db2c25bfe8816b59f8e97df68f8ca54f220475242a5d88,280.68,287.784,7.816,0.0,5.416,12.368,293.912,300.152,82,185.29328,84,185.298696,76,185.004784,80,185.285464
2,40,results/smoke/ucast-2routers-pcap-validation-20260919/run_040/baseline_summary_20260919T095328Z.json,pcaps/2_routers/run_040.pcap,1e67100c33a105517bf78968b6ae69449271a54617a4d80e2e6fe00521dec7f1,464.76,475.064,5.256,0.0,5.736,10.128,475.752,485.192,89,185.478,91,185.483736,85,185.007984,87,185.472744
2,41,results/smoke/ucast-2routers-pcap-validation-20260919/run_041/baseline_summary_20260919T095332Z.json,pcaps/2_routers/run_041.pcap,1a00e407f1945240ce6b592b4bfb8d5c12816e5284eba313739e563f5b39168e,60.032,67.624,6.216,0.0,4.776,10.128,71.024,77.752,85,185.071032,87,185.075808,79,185.004784,83,185.064816
2,42,results/smoke/ucast-2routers-pcap-validation-20260919/run_042/baseline_summary_20260919T095333Z.json,pcaps/2_routers/run_042.pcap,4446d5125f729b6a8f5b6f25b1605c41feada91009eed92cba014b14a2d82643,143.44,154.064,4.936,0.0,6.056,10.128,154.432,164.192,83,185.15636,85,185.162416,79,185.007984,81,185.151424
2,43,results/smoke/ucast-2routers-pcap-validation-20260919/run_043/baseline_summary_20260919T095333Z.json,pcaps/2_routers/run_043.pcap,a8a670f571e4d8e127fe3ccc339fec322aea3fee0f282ecf32b7872158ca5fa8,217.072,225.624,5.896,0.0,5.096,10.128,228.064,235.752,78,185.228712,80,185.233808,72,185.005744,76,185.222816
2,44,results/smoke/ucast-2routers-pcap-validation-20260919/run_044/baseline_summary_20260919T095333Z.json,pcaps/2_routers/run_044.pcap,474b1ed0a2ddeb00e880bdd2aca8c44a0a4e0a6973813ec2423ec85f7e32c8e2,86.952,93.096,5.896,0.0,6.056,11.088,98.904,104.184,75,185.096992,77,185.103048,69,185.004144,73,185.091096
2,45,results/smoke/ucast-2routers-pcap-validation-20260919/run_045/baseline_summary_20260919T095333Z.json,pcaps/2_routers/run_045.pcap,27eb7a21a71c624a8161cabae360c932d20dc242aecef0be59268f19f7cd2f8c,493.472,499.616,6.216,0.0,6.056,11.408,505.744,511.024,83,185.503832,85,185.509888,76,185.004144,81,185.497616
2,46,results/smoke/ucast-2routers-pcap-validation-20260919/run_046/baseline_summary_20260919T095334Z.json,pcaps/2_routers/run_046.pcap,15b5e96e8801c6101f742088daa7d76cab6132330ce9e31ec176a272065975e4,284.08,291.584,5.896,0.0,7.016,12.048,296.992,303.632,84,185.29476,86,185.301776,78,185.004784,82,185.288864
2,47,results/smoke/ucast-2routers-pcap-validation-20260919/run_047/baseline_summary_20260919T095334Z.json,pcaps/2_routers/run_047.pcap,b98b8f3a10941e0e55292c25a18f86ae75a58634e84d2b6771782313adf79c22,255.44,264.464,9.096,0.0,4.776,13.008,269.312,277.472,78,185.27092,80,185.275696,74,185.006384,76,185.261824
2,48,results/smoke/ucast-2routers-pcap-validation-20260919/run_048/baseline_summary_20260919T095334Z.json,pcaps/2_routers/run_048.pcap,2c01299719f5813522a89696bb915eb4e09c0a5a3b0535dc9e2c621530feef49,62.12,74.192,5.576,0.0,4.456,9.168,72.152,83.36,82,185.07696,84,185.081416,78,185.009264,80,185.071384
2,49,results/smoke/ucast-2routers-pcap-validation-20260919/run_049/baseline_summary_20260919T095339Z.json,pcaps/2_routers/run_049.pcap,9e1a10a00c0fc44ae691f0aafd83e3a0c3f8e532462f34e341366a45b2249ddc,436.4,455.424,5.576,0.0,6.056,10.768,448.032,466.192,83,185.45828,85,185.464336,79,185.016304,81,185.452704
2,50,results/smoke/ucast-2routers-pcap-validation-20260919/run_050/baseline_summary_20260919T095339Z.json,pcaps/2_routers/run_050.pcap,2f9d4c9ccf073e9e3c463d2f4973bf66c97c0845cfb23c860c5180fa18f832c9,64.08,71.992,5.896,0.0,5.736,10.768,75.712,82.76,88,185.07508,90,185.080816,82,185.005104,86,185.069184
2,51,results/smoke/ucast-2routers-pcap-validation-20260919/run_051/baseline_summary_20260919T095340Z.json,pcaps/2_routers/run_051.pcap,34e56379491c3d44bdecbc494d9bf289869424a1b3e6fcdb78ce4cb7b86de027,204.16,215.912,4.936,0.0,5.416,9.488,214.512,225.4,80,185.21804,82,185.223456,76,185.008944,78,185.213104
2,52,results/smoke/ucast-2routers-pcap-validation-20260919/run_052/baseline_summary_20260919T095340Z.json,pcaps/2_routers/run_052.pcap,7c0f7d4bf68a36ac1791544a1a0351d39ee842fcad71cbeb9546dc5e7f8646fb,121.472,129.704,4.936,0.0,5.736,9.808,132.144,139.512,83,185.131832,85,185.137568,77,185.005424,81,185.126896
2,53,results/smoke/ucast-2routers-pcap-validation-20260919/run_053/baseline_summary_20260919T095340Z.json,pcaps/2_routers/run_053.pcap,94482aef5166344ba920d49306dc5deb59ac44dce4530bf65de43468ba35d9ac,173.552,182.104,4.616,0.0,4.456,8.208,182.624,190.312,81,185.183912,83,185.188368,75,185.005744,79,185.179296
2,54,results/smoke/ucast-2routers-pcap-validation-20260919/run_054/baseline_summary_20260919T095340Z.json,pcaps/2_routers/run_054.pcap,203a121067ff523b0198c01eef2e087640f233ba996c76a4bec0edd9b12184b7,340.952,347.736,5.576,0.0,9.896,14.608,356.424,362.344,82,185.350992,84,185.360888,76,185.004464,80,185.345416
2,55,results/smoke/ucast-2routers-pcap-validation-20260919/run_055/baseline_summary_20260919T095340Z.json,pcaps/2_routers/run_055.pcap,a948024490db6d28b9cbf1bd77282d3016a92f43ea85a4f93d8b7ea429e782ce,205.12,218.736,5.256,0.0,5.416,9.808,215.792,228.544,83,185.221184,85,185.2266,79,185.010808,81,185.215928
2,56,results/smoke/ucast-2routers-pcap-validation-20260919/run_056/baseline_summary_20260919T095340Z.json,pcaps/2_routers/run_056.pcap,3667803d7cdab533f210f42ba5af30c093f2a728aeb74c81ad6a0b6893ad6cfd,421.08,432.512,4.936,0.0,7.976,12.048,433.992,444.56,83,185.43464,85,185.442616,79,185.008624,81,185.429704
2,57,results/smoke/ucast-2routers-pcap-validation-20260919/run_057/baseline_summary_20260919T095346Z.json,pcaps/2_routers/run_057.pcap,06d6f8cc164edc0b1dd959f839abcd32ae40d2cd1a0e03d6ddfb9d482a8091c4,65.44,74.144,6.856,0.0,5.096,11.088,77.392,85.232,79,185.07868,81,185.083776,75,185.006384,77,185.071824
2,58,results/smoke/ucast-2routers-pcap-validation-20260919/run_058/baseline_summary_20260919T095346Z.json,pcaps/2_routers/run_058.pcap,d46dad2e904da06a6276a25f26adc50adf2b98f78b73b00064025f6060331721,16.672,25.224,6.216,0.0,6.056,11.408,28.944,36.632,75,185.028632,77,185.034688,69,185.005744,73,185.022416
2,59,results/smoke/ucast-2routers-pcap-validation-20260919/run_059/baseline_summary_20260919T095346Z.json,pcaps/2_routers/run_059.pcap,1920e294b824da4b30bec5e09899133e1d80a0c7abb3ec0308ea25c9e55c470c,15.44,32.784,4.936,0.0,4.456,8.528,24.832,41.312,83,185.03572,85,185.040176,79,185.015344,81,185.030784
2,60,results/smoke/ucast-2routers-pcap-validation-20260919/run_060/baseline_summary_20260919T095347Z.json,pcaps/2_routers/run_060.pcap,f2a475cc8c57881565f1ac98611adf25dc5405f03ffc00fcdb92ce0278627abf,62.44,73.232,7.496,0.0,4.776,11.408,74.712,84.64,80,185.07792,82,185.082696,76,185.007984,78,185.070424
2,61,results/smoke/ucast-2routers-pcap-validation-20260919/run_061/baseline_summary_20260919T095347Z.json,pcaps/2_routers/run_061.pcap,cd1c8164b7072eb8ba688e04ee20bac3b0060b0fd08773ff8b8e86663a71dd77,56.088,64.96,4.616,0.0,5.416,9.168,66.12,74.128,76,185.066768,78,185.072184,70,185.006064,74,185.062152
2,62,results/smoke/ucast-2routers-pcap-validation-20260919/run_062/baseline_summary_20260919T095347Z.json,pcaps/2_routers/run_062.pcap,d87ed5756b3049c0b10e8b41c479d186466e003fcef6e2133505ba239933e8e9,396.632,403.816,5.256,0.0,5.416,9.808,407.304,413.624,79,185.406352,81,185.411768,73,185.004464,77,185.401096
2,63,results/smoke/ucast-2routers-pcap-validation-20260919/run_063/baseline_summary_20260919T095347Z.json,pcaps/2_routers/run_063.pcap,07edeedbe8c0d013e606524a82862b5f8d41425d38fad4e2e3a628435ffe9d1d,487.44,503.184,5.256,0.0,5.736,10.128,498.432,513.312,79,185.5058,81,185.511536,75,185.013104,77,185.500544
2,64,results/smoke/ucast-2routers-pcap-validation-20260919/run_064/baseline_summary_20260919T095347Z.json,pcaps/2_routers/run_064.pcap,11c79aa78b796a4687daf995c388280d75d36136be8fd98d72f13df12613794f,163.72,172.272,5.896,0.0,5.736,10.768,175.352,183.04,76,185.17536,78,185.181096,70,185.005744,74,185.169464
2,65,results/smoke/ucast-2routers-pcap-validation-20260919/run_065/baseline_summary_20260919T095352Z.json,pcaps/2_routers/run_065.pcap,07fe017ea0c438ba9a943e9966cc832a8feea8495b0e21ab6f214a00f13d5c95,314.8,325.592,5.896,0.0,4.776,9.808,325.472,335.4,82,185.32868,84,185.333456,78,185.007984,80,185.322784
2,66,results/smoke/ucast-2routers-pcap-validation-20260919/run_066/baseline_summary_20260919T095352Z.json,pcaps/2_routers/run_066.pcap,29ef207e888bca773c01167d579aaf2b18929d684d6eebce461a836aaadc73ac,68.152,77.024,7.496,0.0,5.416,12.048,81.064,89.072,81,185.081712,83,185.087128,75,185.006064,79,185.074216
2,67,results/smoke/ucast-2routers-pcap-validation-20260919/run_067/baseline_summary_20260919T095352Z.json,pcaps/2_routers/run_067.pcap,913c46fe0d155f6681bb207a971beb39db2710466628e0293a23bbf859db2d9b,48.44,60.832,5.256,0.0,4.456,8.848,58.152,69.68,84,185.06328,86,185.067736,80,185.009584,82,185.058024
2,68,results/smoke/ucast-2routers-pcap-validation-20260919/run_068/baseline_summary_20260919T095353Z.json,pcaps/2_routers/run_068.pcap,2ccac6e84c0ed72014b301f29ea985201e52c064ca63ff11437fa1ed30521347,15.48,26.592,5.576,0.0,5.736,10.448,26.792,37.04,86,185.02936,88,185.035096,82,185.008304,84,185.023784
2,69,results/smoke/ucast-2routers-pcap-validation-20260919/run_069/baseline_summary_20260919T095353Z.json,pcaps/2_routers/run_069.pcap,526af0610814f2477aaf9802cf60cd9048fd75be6c5162dbb372965a0494e80e,78.792,84.936,8.136,0.0,5.736,13.008,92.664,97.944,82,185.090752,84,185.096488,76,185.003824,80,185.082616
2,70,results/smoke/ucast-2routers-pcap-validation-20260919/run_070/baseline_summary_20260919T095353Z.json,pcaps/2_routers/run_070.pcap,c15ddeb7255240eaa6b0c8f2de454f62311fe1a5d6f98698e8a52755b2c59ee6,48.12,60.512,5.896,0.0,4.456,9.488,58.472,70.0,79,185.0636,81,185.068056,75,185.009584,77,185.057704
2,71,results/smoke/ucast-2routers-pcap-validation-20260919/run_071/baseline_summary_20260919T095353Z.json,pcaps/2_routers/run_071.pcap,3cc18b883c5c33aaccb330c9e0ba82765af60087482a523335ec074d3826a7c6,24.12,35.064,5.896,0.0,4.456,9.488,34.472,44.552,77,185.03864,79,185.043096,73,185.008624,75,185.032744
2,72,results/smoke/ucast-2routers-pcap-validation-20260919/run_072/baseline_summary_20260919T095353Z.json,pcaps/2_routers/run_072.pcap,57da53bd87e72f7f46fff0652aab065d2eeec2d6807bb4d0b261c4454478990d,377.16,387.408,5.576,0.0,7.016,11.728,389.752,399.136,74,185.390664,76,185.39768,70,185.007928,72,185.385088
2,73,results/smoke/ucast-2routers-pcap-validation-20260919/run_073/baseline_summary_20260919T095358Z.json,pcaps/2_routers/run_073.pcap,e1329c870ce7e410a821d9521288e8906e5890d7710e02647e6b0f89c5ed8c30,153.08,166.432,5.896,0.0,6.696,11.728,165.672,178.16,83,185.16952,85,185.176216,79,185.010544,81,185.163624
2,74,results/smoke/ucast-2routers-pcap-validation-20260919/run_074/baseline_summary_20260919T095358Z.json,pcaps/2_routers/run_074.pcap,422c320fde847affba8badbb6f2f491de256a2e12200597291f81cb661afd0bb,369.48,387.952,5.256,0.0,8.936,13.328,383.672,401.28,82,185.3904,84,185.399336,78,185.015664,80,185.385144
2,75,results/smoke/ucast-2routers-pcap-validation-20260919/run_075/baseline_summary_20260919T095358Z.json,pcaps/2_routers/run_075.pcap,3ed1c9baea58dd93b222188a9f40bcb522ab19b1af77a7d3f7a1cff1e41409dd,282.4,298.728,6.216,0.0,5.096,10.448,293.712,309.176,84,185.302304,86,185.3074,80,185.013688,82,185.296088
2,76,results/smoke/ucast-2routers-pcap-validation-20260919/run_076/baseline_summary_20260919T095359Z.json,pcaps/2_routers/run_076.pcap,506afb9abf0687d87ab0774b66761834a56ec52c1903d6b51466b25d1df1da9b,60.352,68.584,6.216,0.0,4.776,10.128,71.344,78.712,84,185.071992,86,185.076768,78,185.005424,82,185.065776
2,77,results/smoke/ucast-2routers-pcap-validation-20260919/run_077/baseline_summary_20260919T095359Z.json,pcaps/2_routers/run_077.pcap,fe03f0bdd5944b15ab47eb206820b4b5377703d7f42f386504b9a29f329f443f,343.352,351.264,7.176,0.0,4.776,11.088,355.304,362.352,80,185.355632,82,185.360408,74,185.005104,78,185.348456
2,78,results/smoke/ucast-2routers-pcap-validation-20260919/run_078/baseline_summary_20260919T095400Z.json,pcaps/2_routers/run_078.pcap,07c25c5e68e393b32e20581543c39790251e6aaed4d315c82db5a39970386273,21.16,33.968,4.936,0.0,5.736,9.808,31.832,43.776,82,185.036264,84,185.042,78,185.010168,80,185.031328
2,79,results/smoke/ucast-2routers-pcap-validation-20260919/run_079/baseline_summary_20260919T095400Z.json,pcaps/2_routers/run_079.pcap,6e51d563ef70654a78d52472cf2a8cfaef8c36ddd6c434e4e0a347382f57b115,416.08,428.704,5.256,0.0,4.776,9.168,426.112,437.872,84,185.43124,86,185.436016,80,185.009904,82,185.425984
2,80,results/smoke/ucast-2routers-pcap-validation-20260919/run_080/baseline_summary_20260919T095400Z.json,pcaps/2_routers/run_080.pcap,4be213dc4ac40530f618362198d076e6d728808dbb8ee72a08c79e66343bc064,162.08,174.704,5.256,0.0,4.776,9.168,172.112,183.872,90,185.17724,92,185.182016,86,185.009904,88,185.171984
2,81,results/smoke/ucast-2routers-pcap-validation-20260919/run_081/baseline_summary_20260919T095405Z.json,pcaps/2_routers/run_081.pcap,ddad22366c93ce1139098406958d6ed07a96e766acc8ca6bcdd7c6e4e9e55094,362.048,369.96,7.816,0.0,4.456,11.408,374.32,381.368,81,185.374968,83,185.379424,75,185.005104,79,185.367152
2,82,results/smoke/ucast-2routers-pcap-validation-20260919/run_082/baseline_summary_20260919T095405Z.json,pcaps/2_routers/run_082.pcap,2446ca35a854d497d4c95c5e114ba3bd29da8aa55833dcdba6c47af61d045fe2,485.632,494.504,4.936,0.0,6.056,10.128,496.624,504.632,81,185.496632,83,185.502688,75,185.006064,79,185.491696
2,83,results/smoke/ucast-2routers-pcap-validation-20260919/run_083/baseline_summary_20260919T095405Z.json,pcaps/2_routers/run_083.pcap,748cb1209a61bed2e134b5d5461b57a7a59f9d67c3baf3037f4d637a18fb8b9a,209.76,219.856,5.896,0.0,7.016,12.048,222.672,231.904,81,185.222944,83,185.22996,77,185.007288,79,185.217048
2,84,results/smoke/ucast-2routers-pcap-validation-20260919/run_084/baseline_summary_20260919T095406Z.json,pcaps/2_routers/run_084.pcap,5587858674b61431156b70eff476dc13c4627f0a5acbce8b8e40165922275302,446.04,454.912,5.576,0.0,4.456,9.168,456.072,464.08,84,185.45768,86,185.462136,78,185.006064,82,185.452104
2,85,results/smoke/ucast-2routers-pcap-validation-20260919/run_085/baseline_summary_20260919T095406Z.json,pcaps/2_routers/run_085.pcap,b803b5b7b3ad7e7d6bbf7aec62b7f6df32e106e93b6635183a9edc0496b38dc4,125.08,136.424,6.216,0.0,4.776,10.128,136.072,146.552,81,185.13992,83,185.144696,77,185.008624,79,185.133704
2,86,results/smoke/ucast-2routers-pcap-validation-20260919/run_086/baseline_summary_20260919T095406Z.json,pcaps/2_routers/run_086.pcap,8822e7c6776e96d9f71629a1f225eb56d23fc95fda17de1c7cd7bb78aa091a77,399.16,410.504,4.936,0.0,5.096,9.168,409.192,419.672,82,185.41272,84,185.417816,78,185.008624,80,185.407784
2,87,results/smoke/ucast-2routers-pcap-validation-20260919/run_087/baseline_summary_20260919T095406Z.json,pcaps/2_routers/run_087.pcap,0a4abb404fce04fcb6b4905113145d70a0a416ee5c651b586965c2a77edff3f9,251.12,260.464,6.216,0.0,5.416,10.768,262.752,271.232,85,185.26436,87,185.269776,81,185.007024,83,185.258144
2,88,results/smoke/ucast-2routers-pcap-validation-20260919/run_088/baseline_summary_20260919T095406Z.json,pcaps/2_routers/run_088.pcap,46cfcd134d30cc8c4e4ae901e8015a5d47faa2eb474ac1860e40aa7b49b756bb,227.76,234.544,4.616,0.0,4.456,8.208,236.832,242.752,88,185.23716,90,185.241616,82,185.004784,86,185.232544
2,89,results/smoke/ucast-2routers-pcap-validation-20260919/run_089/baseline_summary_20260919T095411Z.json,pcaps/2_routers/run_089.pcap,50f0c831ad2d22aa4dbd128d4125b262f7ef86361bbd82449638bd53f35868a0,444.4,456.792,5.896,0.0,5.416,10.448,455.712,467.24,69,185.45988,71,185.465296,65,185.009584,67,185.453984
2,90,results/smoke/ucast-2routers-pcap-validation-20260919/run_090/baseline_summary_20260919T095411Z.json,pcaps/2_routers/run_090.pcap,9623fd2ed0a81e36a4b89da62344f31fef2550a9966dadd9a32ac924875d906c,488.4,501.432,5.256,0.0,7.976,12.368,501.632,513.8,80,185.50388,82,185.511856,76,185.010224,78,185.498624
2,91,results/smoke/ucast-2routers-pcap-validation-20260919/run_091/baseline_summary_20260919T095412Z.json,pcaps/2_routers/run_091.pcap,691b96c3ff0efb2ddb02004e68ce2d00bbf277aea850cdc772317c69bd825951,215.48,228.192,4.616,0.0,5.416,9.168,225.512,237.36,87,185.23,89,185.235416,83,185.009904,85,185.225384
2,92,results/smoke/ucast-2routers-pcap-validation-20260919/run_092/baseline_summary_20260919T095412Z.json,pcaps/2_routers/run_092.pcap,5a700bbe1726dc1f019b7ee690da54c705334adc64eaf30d8462a1bd9b46df72,453.232,459.696,5.896,0.0,4.776,9.808,463.904,469.504,84,185.463272,86,185.468048,78,185.004144,82,185.457376
2,93,results/smoke/ucast-2routers-pcap-validation-20260919/run_093/baseline_summary_20260919T095412Z.json,pcaps/2_routers/run_093.pcap,3fee2d47ad8aa2bfd34c2829aea36d0acaf20b7d560c099a6be422fc8913da01,46.76,59.736,6.216,0.0,4.776,10.128,57.752,69.864,79,185.063144,81,185.06792,75,185.010168,77,185.056928
2,94,results/smoke/ucast-2routers-pcap-validation-20260919/run_094/baseline_summary_20260919T095412Z.json,pcaps/2_routers/run_094.pcap,30b86674fa02d2d3a22e56ffe763c5dd446d85b957111d64b48a0c9dc8c12468,448.496,456.24,5.576,0.0,5.096,9.808,459.168,466.048,83,185.459816,85,185.464912,77,185.005744,81,185.45424
2,95,results/smoke/ucast-2routers-pcap-validation-20260919/run_095/baseline_summary_20260919T095412Z.json,pcaps/2_routers/run_095.pcap,6022e4a3379af7c86b44ddc6624cbf7fbd63f5217083bca78b9e4f1012c3d0fd,436.528,442.992,6.216,0.0,5.416,10.768,448.16,453.76,81,185.446888,83,185.452304,75,185.004144,79,185.440672
2,96,results/smoke/ucast-2routers-pcap-validation-20260919/run_096/baseline_summary_20260919T095413Z.json,pcaps/2_routers/run_096.pcap,bba7338117f0d3721a2d131d4155b09acbff5c79b92f4f2bb8d0b9a1d829ec9c,265.192,273.744,6.216,0.0,5.096,10.448,276.504,284.192,84,185.277152,86,185.282248,77,185.005744,82,185.270936
2,97,results/smoke/ucast-2routers-pcap-validation-20260919/run_097/baseline_summary_20260919T095417Z.json,pcaps/2_routers/run_097.pcap,22beb684c53c37aba253cabc1607eb417e6f4e23cfdf238c9801bfbafd56a907,128.048,135.96,8.136,0.0,6.696,13.968,142.88,149.928,81,185.141288,83,185.147984,75,185.005104,79,185.133152
2,98,results/smoke/ucast-2routers-pcap-validation-20260919/run_098/baseline_summary_20260919T095418Z.json,pcaps/2_routers/run_098.pcap,3d70f2382a56f9eb3fe5fcc5cb7f86739e7d6104484c995718dafed06ed433f5,120.608,126.752,4.936,0.0,4.776,8.848,130.32,135.6,80,185.129688,82,185.134464,74,185.004144,78,185.124752
2,99,results/smoke/ucast-2routers-pcap-validation-20260919/run_099/baseline_summary_20260919T095418Z.json,pcaps/2_routers/run_099.pcap,b5173ffd1ca4365a1ee80f1e120ee6708fd997a532f142d302c73e90e292cf52,378.112,386.344,6.216,0.0,4.456,9.808,388.784,396.152,89,185.389752,91,185.394208,83,185.005424,87,185.383536
2,100,results/smoke/ucast-2routers-pcap-validation-20260919/run_100/baseline_summary_20260919T095418Z.json,pcaps/2_routers/run_100.pcap,5240a3e2b2ce6cd871d0660e6b2665f4be6bfea84bcad9ebc7af968809348613,408.488,416.72,6.216,0.0,7.016,12.368,421.72,429.088,80,185.420128,82,185.427144,74,185.005424,78,185.413912
3,1,results/smoke/ucast-3routers-pcap-validation-20260919/run_001/baseline_summary_20260919T095302Z.json,pcaps/3_routers/run_001.pcap,2f4f2097cbf1fce37c86496f6a01ae881d63150760b345c8e7fce89f72a11ed5,290.8,301.104,5.576,0.0,4.456,9.168,300.832,310.272,129,185.30404,131,185.308496,125,185.007664,127,185.298464
3,2,results/smoke/ucast-3routers-pcap-validation-20260919/run_002/baseline_summary_20260919T095302Z.json,pcaps/3_routers/run_002.pcap,409fccc49e1d2b216bbc189d53a1b23a38f4812eb389640628942199d6b8bf4c,374.208,380.992,4.616,0.0,7.656,11.408,386.48,392.4,129,185.383608,131,185.391264,123,185.004784,127,185.378992
3,3,results/smoke/ucast-3routers-pcap-validation-20260919/run_003/baseline_summary_20260919T095302Z.json,pcaps/3_routers/run_003.pcap,e51874f26da438929a28fd9bcadec778388f3e6c2dd529714e0f6d28fe54122e,452.48,465.512,5.576,0.0,4.456,9.168,462.512,474.68,126,185.46828,128,185.472736,122,185.010224,124,185.462704
3,4,results/smoke/ucast-3routers-pcap-validation-20260919/run_004/baseline_summary_20260919T095302Z.json,pcaps/3_routers/run_004.pcap,6769b663a80da79b78020c263af9c3422641b7689be24e61a50b124e19c1e93c,491.72,498.184,6.216,0.0,7.976,13.328,505.912,511.512,122,185.50208,124,185.510056,116,185.004144,120,185.495864
3,5,results/smoke/ucast-3routers-pcap-validation-20260919/run_005/baseline_summary_20260919T095302Z.json,pcaps/3_routers/run_005.pcap,3be8b035e42b0be04873382dabdb55e19d05d6a935d50321180e7a73c5ff1d6d,295.8,313.312,5.256,0.0,5.736,10.128,306.792,323.44,147,185.31576,149,185.321496,143,185.014704,145,185.310504
3,6,results/smoke/ucast-3routers-pcap-validation-20260919/run_006/baseline_summary_20260919T095302Z.json,pcaps/3_routers/run_006.pcap,60f6c0ea2b5724e77f2655949b101274bb51ec7e7d652c273663c58e892de92b,62.472,71.024,5.256,0.0,10.216,14.608,77.944,85.632,139,185.073472,141,185.083688,133,185.005744,137,185.068216
3,7,results/smoke/ucast-3routers-pcap-validation-20260919/run_008/baseline_summary_20260919T095302Z.json,pcaps/3_routers/run_007.pcap,fd9ddf8d62199758a55432117acb03782ada09c7772cca6cd6083d28c4090736,11.12,17.584,5.256,0.0,5.416,9.808,21.792,27.392,122,185.02084,124,185.026256,116,185.004464,120,185.015584
3,8,results/smoke/ucast-3routers-pcap-validation-20260919/run_009/baseline_summary_20260919T095309Z.json,pcaps/3_routers/run_008.pcap,47fc8c4b296a595547ff8774441c0fa29cd848441592b1f713bce4d7a5886522,393.76,404.408,5.896,0.0,5.416,10.448,405.072,414.856,153,185.407584,155,185.413,149,185.007928,151,185.401688
3,9,results/smoke/ucast-3routers-pcap-validation-20260919/run_010/baseline_summary_20260919T095309Z.json,pcaps/3_routers/run_009.pcap,2fd8651f8f5bf9ffa19f40e5d3199febf91ab4178a7d4bf4ba63e7c2cc5d3377,412.792,421.344,6.216,0.0,5.096,10.448,424.104,431.792,151,185.424752,153,185.429848,145,185.005744,149,185.418536
3,10,results/smoke/ucast-3routers-pcap-validation-20260919/run_011/baseline_summary_20260919T095309Z.json,pcaps/3_routers/run_010.pcap,b7b60b9bc4fb80cc769557341e94e089fdd64c644ef5648ca9449864f2313efe,443.44,456.792,4.616,0.0,6.056,9.808,454.112,466.6,124,185.4586,126,185.464656,120,185.010544,122,185.453984
3,11,results/smoke/ucast-3routers-pcap-validation-20260919/run_012/baseline_summary_20260919T095309Z.json,pcaps/3_routers/run_011.pcap,fe429e1bbd6c3893255c65edc5c537a53b4c1803f346a697c5a522abae5dfb6c,269.8,287.784,6.856,0.0,6.056,12.048,282.712,299.832,127,185.29264,129,185.298696,123,185.015984,125,185.285784
3,12,results/smoke/ucast-3routers-pcap-validation-20260919/run_013/baseline_summary_20260919T095309Z.json,pcaps/3_routers/run_012.pcap,3d7530795fe96621273b66b045bf4cc6c7a772efa1ac11d16bd783694087253c,208.032,215.944,5.256,0.0,5.736,10.128,219.024,226.072,132,185.218392,134,185.224128,126,185.005104,130,185.213136
3,13,results/smoke/ucast-3routers-pcap-validation-20260919/run_014/baseline_summary_20260919T095309Z.json,pcaps/3_routers/run_013.pcap,707e9894e478e3a68eabff97f12c2d5e3001df10db4837181c69c42df279d665,364.848,373.4,8.136,0.0,10.216,17.488,383.2,390.888,144,185.378728,146,185.388944,138,185.005744,142,185.370592
3,14,results/smoke/ucast-3routers-pcap-validation-20260919/run_015/baseline_summary_20260919T095310Z.json,pcaps/3_routers/run_014.pcap,999b76e02b29121fd5414d10f89da4bf9acdf82038e5ac22eaa8ca0996988d78,250.08,261.344,5.896,0.0,4.456,9.488,260.432,270.832,127,185.2646,129,185.269056,123,185.008624,125,185.258704
3,15,results/smoke/ucast-3routers-pcap-validation-20260919/run_016/baseline_summary_20260919T095310Z.json,pcaps/3_routers/run_015.pcap,29e52d7782b07afc37e9ed6f7ccfa2a11a306b3389b8b9d21e9265d7e21bebee,317.12,328.384,4.616,0.0,5.096,8.848,326.832,337.232,136,185.33036,138,185.335456,132,185.008624,134,185.325744
3,16,results/smoke/ucast-3routers-pcap-validation-20260919/run_017/baseline_summary_20260919T095316Z.json,pcaps/3_routers/run_016.pcap,a452544db615e773fe19f6d5320597071950d214e3253eccb5345f803b47479e,232.4,243.512,4.616,0.0,6.056,9.808,243.072,253.32,154,185.24532,156,185.251376,150,185.008304,152,185.240704
3,17,results/smoke/ucast-3routers-pcap-validation-20260919/run_018/baseline_summary_20260919T095316Z.json,pcaps/3_routers/run_017.pcap,5c081e4f6a1d42d73a8a1acfc9e6208db4b1767a17ff6366d0b3007ef642beb3,110.08,124.392,6.856,0.0,6.056,12.048,122.992,136.44,137,185.12844,139,185.134496,133,185.011504,135,185.121584
3,18,results/smoke/ucast-3routers-pcap-validation-20260919/run_019/baseline_summary_20260919T095316Z.json,pcaps/3_routers/run_018.pcap,45b81761c6ec3e78c285f32374c9e2ad55489b6bb4da4a95fa7572e05ab29099,320.16,330.144,6.216,0.0,6.056,11.408,332.432,341.552,132,185.33436,134,185.340416,128,185.007984,130,185.328144
3,19,results/smoke/ucast-3routers-pcap-validation-20260919/run_020/baseline_summary_20260919T095316Z.json,pcaps/3_routers/run_019.pcap,4e1bbf58569dffab8d86ad0dd559ea1e4d103aef53d4779964ec7944374e0cd7,48.8,60.496,4.616,0.0,5.096,8.848,58.512,69.344,124,185.062304,126,185.0674,120,185.008888,122,185.057688
3,20,results/smoke/ucast-3routers-pcap-validation-20260919/run_021/baseline_summary_20260919T095316Z.json,pcaps/3_routers/run_020.pcap,73fc34992037ecc6cd68b9b3e1264a17a57094a74abbc755b01947d86553f746,64.48,72.712,11.016,0.0,4.776,14.928,80.272,87.64,126,185.08092,128,185.085696,120,185.005424,124,185.069904
3,21,results/smoke/ucast-3routers-pcap-validation-20260919/run_022/baseline_summary_20260919T095316Z.json,pcaps/3_routers/run_021.pcap,b4ecd4b53ca8bd3ba9556a5369ae2e2e6dce965b6a7b8fef95a65dc51bc5e0f6,125.352,132.136,5.256,0.0,4.456,8.848,135.064,140.984,135,185.135392,137,185.139848,129,185.004784,133,185.130136
3,22,results/smoke/ucast-3routers-pcap-validation-20260919/run_023/baseline_summary_20260919T095317Z.json,pcaps/3_routers/run_022.pcap,225de77b9ab1792d3536e065171d8f9a55e3125db5028f072595de2079e63872,286.48,299.832,5.896,0.0,5.416,10.448,297.792,310.28,126,185.30292,128,185.308336,122,185.010544,124,185.297024
3,23,results/smoke/ucast-3routers-pcap-validation-20260919/run_024/baseline_summary_20260919T095317Z.json,pcaps/3_routers/run_023.pcap,5f5417910c1a2579db263dd91a258bca3d1a8d83116862d55ee77d0c1b403034,496.12,509.792,5.896,0.0,4.456,9.488,506.472,519.28,148,185.51288,150,185.517336,144,185.010864,146,185.506984
3,24,results/smoke/ucast-3routers-pcap-validation-20260919/run_025/baseline_summary_20260919T095322Z.json,pcaps/3_routers/run_024.pcap,27b31b44237b41c28c286b623092e9078ae3e47bd76ef75f693c97b2135c5333,326.8,339.512,6.216,0.0,5.736,11.088,338.752,350.6,128,185.34292,130,185.348656,124,185.009904,126,185.336704
3,25,results/smoke/ucast-3routers-pcap-validation-20260919/run_026/baseline_summary_20260919T095322Z.json,pcaps/3_routers/run_025.pcap,b5cfeb17d962865e3e76d0ab831f3bc30a89823e1ca256dad34d5915f194ac4f,307.08,317.872,5.256,0.0,5.096,9.488,317.432,327.36,149,185.32032,151,185.325416,145,185.007984,147,185.315064
3,26,results/smoke/ucast-3routers-pcap-validation-20260919/run_027/baseline_summary_20260919T095323Z.json,pcaps/3_routers/run_026.pcap,18511663ef8516112951a60d5946a6982149e100903bfa537a67babe70daf7e6,383.952,392.184,4.936,0.0,8.616,12.688,397.504,404.872,159,185.394312,161,185.402928,153,185.005424,157,185.389376
3,27,results/smoke/ucast-3routers-pcap-validation-20260919/run_028/baseline_summary_20260919T095323Z.json,pcaps/3_routers/run_027.pcap,df854e39a23d0cc254fdc2bf13d398a99a7a64326fa566a983b9795f6cad0ea8,461.16,470.184,4.936,0.0,5.736,9.808,471.832,479.992,131,185.4728,133,185.478536,127,185.006704,129,185.467864
3,28,results/smoke/ucast-3routers-pcap-validation-20260919/run_029/baseline_summary_20260919T095323Z.json,pcaps/3_routers/run_028.pcap,49353836044ef192a1ed3940d02a6ac3852b01054764b9c4248b935e75b9a08b,180.48,190.864,5.576,0.0,5.736,10.448,191.792,201.312,145,185.19372,147,185.199456,141,185.007664,143,185.188144
3,29,results/smoke/ucast-3routers-pcap-validation-20260919/run_030/baseline_summary_20260919T095323Z.json,pcaps/3_routers/run_029.pcap,12b1081ceb80a1a9968bf4825cd682bb4f5f66bc4c5ceae94a81f52a98fb3766,95.672,101.816,6.216,0.0,6.056,11.408,107.944,113.224,119,185.106032,121,185.112088,113,185.004144,117,185.099816
3,30,results/smoke/ucast-3routers-pcap-validation-20260919/run_031/baseline_summary_20260919T095323Z.json,pcaps/3_routers/run_030.pcap,0922557a7ba95f5f1311a475bfc096fd55f2131af7fcc22648e7145bf2cc827f,190.4,202.792,5.896,0.0,4.776,9.808,201.072,212.6,139,185.20588,141,185.210656,135,185.009584,137,185.199984
3,31,results/smoke/ucast-3routers-pcap-validation-20260919/run_032/baseline_summary_20260919T095324Z.json,pcaps/3_routers/run_031.pcap,ca6cbe889c491db0b48bbf0de36f944fc293ae951fa2252c4baf92d524d4e18f,212.232,220.144,5.896,0.0,4.776,9.808,222.904,229.952,150,185.223232,152,185.228008,144,185.005104,148,185.217336
3,32,results/smoke/ucast-3routers-pcap-validation-20260919/run_033/baseline_summary_20260919T095329Z.json,pcaps/3_routers/run_032.pcap,8b5d5737799451aebfc196d27797f3b5055fd92c9ff17ed10d56bcb845323bbf,334.08,345.192,6.216,0.0,7.336,12.688,347.632,357.88,134,185.3486,136,185.355936,130,185.008304,132,185.342384
3,33,results/smoke/ucast-3routers-pcap-validation-20260919/run_034/baseline_summary_20260919T095329Z.json,pcaps/3_routers/run_033.pcap,ac03aacf01884f443a0c96828bc458e6d3bb7ca0f82d3329f75116a277694ee3,41.76,54.416,9.736,0.0,4.456,13.328,55.952,67.744,131,185.061344,133,185.0658,127,185.009848,129,185.051608
3,34,results/smoke/ucast-3routers-pcap-validation-20260919/run_035/baseline_summary_20260919T095330Z.json,pcaps/3_routers/run_034.pcap,1342e92f0faa44d07dddd4e788d2d85c8c1f26795f8ede39a37c2dde4f55aa59,471.072,478.984,4.936,0.0,5.096,9.168,481.104,488.152,129,185.481112,131,185.486208,123,185.005104,127,185.476176
3,35,results/smoke/ucast-3routers-pcap-validation-20260919/run_036/baseline_summary_20260919T095330Z.json,pcaps/3_routers/run_035.pcap,3ca92bdef17ed88df43113a5b10aa64ca90784bb0d98497466933ef3a805782c,426.12,435.464,4.616,0.0,5.096,8.848,435.832,444.312,130,185.43744,132,185.442536,126,185.006704,128,185.432824
3,36,results/smoke/ucast-3routers-pcap-validation-20260919/run_037/baseline_summary_20260919T095330Z.json,pcaps/3_routers/run_036.pcap,c8c4c2dfeca5adb238c9fba7be2315e7e43c37450cb2984443ab90ff3cfb415f,383.16,400.528,6.216,0.0,4.776,10.128,394.152,410.656,141,185.404024,143,185.4088,137,185.014648,139,185.397808
3,37,results/smoke/ucast-3routers-pcap-validation-20260919/run_038/baseline_summary_20260919T095330Z.json,pcaps/3_routers/run_037.pcap,f0d7ce2ea3164f7ed03bcf62bed34ffe6578eccb66b570169aed9a94ec5f69ec,61.272,68.456,5.576,0.0,5.416,10.128,72.264,78.584,123,185.071312,125,185.076728,117,185.004464,121,185.065736
3,38,results/smoke/ucast-3routers-pcap-validation-20260919/run_039/baseline_summary_20260919T095330Z.json,pcaps/3_routers/run_038.pcap,96835c9bad4a47eedc86cf1331b7260f77eede8eb7d7b22c13894c137ea4c76a,192.512,198.656,4.616,0.0,5.096,8.848,202.224,207.504,123,185.201272,125,185.206368,117,185.004144,121,185.196656
3,39,results/smoke/ucast-3routers-pcap-validation-20260919/run_040/baseline_summary_20260919T095331Z.json,pcaps/3_routers/run_039.pcap,546c8a988749099b9b638a76f5d72bc94a6e0152ef010d886a7f5dbcc6c54873,281.192,287.336,6.856,0.0,4.776,10.768,292.824,298.104,129,185.291872,131,185.296648,123,185.003824,127,185.285016
3,40,results/smoke/ucast-3routers-pcap-validation-20260919/run_041/baseline_summary_20260919T095336Z.json,pcaps/3_routers/run_040.pcap,d4413d1f714ac5ac533a38beec73eddf5b4cceeb52705e85946645767f9b3b5f,470.04,477.544,4.616,0.0,5.096,8.848,479.752,486.392,157,185.47944,159,185.484536,151,185.004784,155,185.474824
3,41,results/smoke/ucast-3routers-pcap-validation-20260919/run_042/baseline_summary_20260919T095336Z.json,pcaps/3_routers/run_041.pcap,ae32771b781c32b6409cec235a87db6c2fb7539ebe9c2aa8d54611f2dc584671,408.8,420.872,4.616,0.0,4.776,8.528,418.192,429.4,146,185.42268,148,185.427456,142,185.009264,144,185.418064
3,42,results/smoke/ucast-3routers-pcap-validation-20260919/run_043/baseline_summary_20260919T095336Z.json,pcaps/3_routers/run_042.pcap,1c61b71bd6dc2de3a102e12f3b90546a0f2eca63ec7806aa502091cbe9dac071,132.16,143.504,7.176,0.0,13.096,19.408,152.432,162.912,153,185.14796,155,185.161056,149,185.008624,151,185.140784
3,43,results/smoke/ucast-3routers-pcap-validation-20260919/run_044/baseline_summary_20260919T095337Z.json,pcaps/3_routers/run_043.pcap,be3bc93481215ce5d4b317962f5f726c61b36673d827d449985bff6471a146be,348.16,357.992,8.776,0.0,5.736,13.648,362.672,371.64,131,185.36396,133,185.369696,127,185.007024,129,185.355184
3,44,results/smoke/ucast-3routers-pcap-validation-20260919/run_045/baseline_summary_20260919T095337Z.json,pcaps/3_routers/run_044.pcap,84949619463e8ed1f954f5b6a09775a7f539b47134b6cbc363494b284c2433c7,102.272,108.416,8.776,0.0,5.096,13.008,116.144,121.424,144,185.114552,146,185.119648,138,185.003504,142,185.105776
3,45,results/smoke/ucast-3routers-pcap-validation-20260919/run_046/baseline_summary_20260919T095337Z.json,pcaps/3_routers/run_045.pcap,174bfc9aa11b824ab7c120aac27e8b38a7cd76664499a522b6ccaad26c257326,222.288,228.752,6.216,0.0,6.056,11.408,234.56,240.16,123,185.232968,125,185.239024,117,185.004464,121,185.226752
3,46,results/smoke/ucast-3routers-pcap-validation-20260919/run_047/baseline_summary_20260919T095337Z.json,pcaps/3_routers/run_046.pcap,026e04c425636c833e5a1b2bfe59bf10fc956647a82bb33c5db6096560c01a5c,23.848,32.4,4.616,0.0,4.776,8.528,33.24,40.928,154,185.034208,156,185.038984,148,185.005744,152,185.029592
3,47,results/smoke/ucast-3routers-pcap-validation-20260919/run_048/baseline_summary_20260919T095338Z.json,pcaps/3_routers/run_047.pcap,1364ff4edac106792bd65e2990e5c5ce20e7613990e3759e944393afdf93afaf,465.08,478.752,6.216,0.0,4.456,9.808,475.752,488.56,129,185.48216,131,185.486616,125,185.010864,127,185.475944
3,48,results/smoke/ucast-3routers-pcap-validation-20260919/run_049/baseline_summary_20260919T095342Z.json,pcaps/3_routers/run_048.pcap,0f4c0c7cdf71923c1c8976694a270c45f74cb4d200e6f39621c6f3a4e34b6ba4,156.44,169.152,4.616,0.0,5.736,9.488,166.792,178.64,128,185.17096,130,185.176696,124,185.009904,126,185.166344
3,49,results/smoke/ucast-3routers-pcap-validation-20260919/run_050/baseline_summary_20260919T095343Z.json,pcaps/3_routers/run_049.pcap,6a47df8245e3fa6524a8a882d77efd3f2182fd56ac7793bee354f88971d66080,95.16,108.832,5.896,0.0,5.736,10.768,106.792,119.6,126,185.11192,128,185.117656,122,185.010864,124,185.106024
3,50,results/smoke/ucast-3routers-pcap-validation-20260919/run_051/baseline_summary_20260919T095344Z.json,pcaps/3_routers/run_050.pcap,5ef792c897f2e33344676c6a590248ebc3d1feb516b04b66f5ab3079dbe3449c,64.112,72.984,5.896,0.0,6.056,11.088,76.064,84.072,156,185.076072,158,185.082128,150,185.006064,154,185.070176
3,51,results/smoke/ucast-3routers-pcap-validation-20260919/run_052/baseline_summary_20260919T095344Z.json,pcaps/3_routers/run_051.pcap,49c01b240a040dcf1c7aa83b45b00d3f8e96820e40e21bd13977c2edb349bfd8,339.76,352.384,4.936,0.0,4.456,8.528,349.152,360.912,154,185.3546,156,185.359056,150,185.009904,152,185.349664
3,52,results/smoke/ucast-3routers-pcap-validation-20260919/run_053/baseline_summary_20260919T095344Z.json,pcaps/3_routers/run_052.pcap,857e7ae534a60c11b828fae4449cefa0acaa50662b3fbc93463c546a0c6abf41,120.392,133.2,4.936,0.0,6.056,10.128,131.384,143.328,129,185.135496,131,185.141552,124,185.010168,127,185.13056
3,53,results/smoke/ucast-3routers-pcap-validation-20260919/run_054/baseline_summary_20260919T095344Z.json,pcaps/3_routers/run_053.pcap,7b4924b455d3ba051ab02db6267f062d669aaf575cd5712e200c7fa919ab65ea,322.12,334.512,4.616,0.0,6.056,9.808,332.792,344.32,135,185.33632,137,185.342376,131,185.009584,133,185.331704
3,54,results/smoke/ucast-3routers-pcap-validation-20260919/run_055/baseline_summary_20260919T095344Z.json,pcaps/3_routers/run_054.pcap,7a1f11d81299788b6ff371f6b7e3e95caaa596f86d2adb0f71186dc4afcc010b,177.48,187.864,5.256,0.0,4.456,8.848,187.192,196.712,124,185.1904,126,185.194856,120,185.007664,122,185.185144
3,55,results/smoke/ucast-3routers-pcap-validation-20260919/run_056/baseline_summary_20260919T095345Z.json,pcaps/3_routers/run_055.pcap,43f27595ff88fe5f975a49586f96d55783ca9bcbc34fd0f3ef52c4a638cf135d,416.672,425.224,5.896,0.0,5.416,10.448,427.984,435.672,124,185.428312,126,185.433728,118,185.005744,122,185.422416
3,56,results/smoke/ucast-3routers-pcap-validation-20260919/run_057/baseline_summary_20260919T095350Z.json,pcaps/3_routers/run_056.pcap,05717e1ef70cdb4c17809e485e07307262c9217921c7880a77278bd6646f6d9f,244.08,253.744,5.896,0.0,6.376,11.408,256.352,265.152,147,185.25764,149,185.264016,143,185.007664,145,185.251744
3,57,results/smoke/ucast-3routers-pcap-validation-20260919/run_058/baseline_summary_20260919T095350Z.json,pcaps/3_routers/run_057.pcap,88c534f99c54d6785b72dca715e457ccd4ca7d8a603bcae61e02271a5a9b5f8c,396.272,404.184,6.216,0.0,5.096,10.448,407.584,414.632,137,185.407592,139,185.412688,131,185.005104,135,185.401376
3,58,results/smoke/ucast-3routers-pcap-validation-20260919/run_059/baseline_summary_20260919T095351Z.json,pcaps/3_routers/run_058.pcap,230178abcd8f128184a438b157e548a7ee9f5cb2a1937f1a236dec8273e9bb65,476.4,492.312,6.216,0.0,5.096,10.448,487.712,502.76,151,185.49572,153,185.500816,147,185.013104,149,185.489504
3,59,results/smoke/ucast-3routers-pcap-validation-20260919/run_060/baseline_summary_20260919T095351Z.json,pcaps/3_routers/run_059.pcap,fb908764b3672fe0c1131bcd7f67e0c181a33ae1184b24771c750c0d3834c135,137.4,150.664,5.256,0.0,6.056,10.448,148.712,161.112,132,185.1532,134,185.159256,128,185.010544,130,185.147944
3,60,results/smoke/ucast-3routers-pcap-validation-20260919/run_061/baseline_summary_20260919T095351Z.json,pcaps/3_routers/run_060.pcap,97a19bfe9addfd7e544ede0c7d1e78d623302191a9ef72634915e28ed4950492,186.08,198.416,4.616,0.0,4.456,8.208,195.152,206.624,137,185.200224,139,185.20468,133,185.009528,135,185.195608
3,61,results/smoke/ucast-3routers-pcap-validation-20260919/run_062/baseline_summary_20260919T095351Z.json,pcaps/3_routers/run_061.pcap,f1ccf379e6fb0a2d4293d70f2d4a748471f0f108a4fda2e77b4d0461b89f2441,284.832,293.384,5.256,0.0,5.416,9.808,295.504,303.192,128,185.295832,130,185.301248,122,185.005744,126,185.290576
3,62,results/smoke/ucast-3routers-pcap-validation-20260919/run_063/baseline_summary_20260919T095351Z.json,pcaps/3_routers/run_062.pcap,f13ba24176a529d1eabed6b03881fd61a2fd51a832cf21c5ada065690c14d7fb,296.8,308.872,5.256,0.0,5.096,9.488,307.152,318.36,134,185.31132,136,185.316416,130,185.009264,132,185.306064
3,63,results/smoke/ucast-3routers-pcap-validation-20260919/run_064/baseline_summary_20260919T095352Z.json,pcaps/3_routers/run_063.pcap,93294da9ec6bdefd5df8867c4824749545b13c5ddad51bddfa304d5502e8b377,125.232,133.784,4.616,0.0,8.296,12.048,138.144,145.832,154,185.135592,156,185.143888,148,185.005744,152,185.130976
3,64,results/smoke/ucast-3routers-pcap-validation-20260919/run_066/baseline_summary_20260919T095357Z.json,pcaps/3_routers/run_064.pcap,3dfa6e10dc808d3bb649ca20bfd802909f05985ecc7c567474f5f939baa0ce1f,202.16,213.504,4.936,0.0,5.096,9.168,212.192,222.672,155,185.21572,157,185.220816,151,185.008624,153,185.210784
3,65,results/smoke/ucast-3routers-pcap-validation-20260919/run_067/baseline_summary_20260919T095358Z.json,pcaps/3_routers/run_065.pcap,4e09f4ba0865fc91899ecb031fbd2ff07542f2d9ef594b670206b166647b95ee,381.48,395.472,5.576,0.0,5.096,9.808,392.152,405.28,156,185.39824,158,185.403336,152,185.011184,154,185.392664
3,66,results/smoke/ucast-3routers-pcap-validation-20260919/run_068/baseline_summary_20260919T095358Z.json,pcaps/3_routers/run_066.pcap,005955904959996c0f00129b9616e2a4135d04695ddaebdbd21848d28dc6714d,484.752,493.944,5.576,0.0,5.096,9.808,495.424,503.752,137,185.496712,139,185.501808,131,185.006384,135,185.491136
3,67,results/smoke/ucast-3routers-pcap-validation-20260919/run_069/baseline_summary_20260919T095358Z.json,pcaps/3_routers/run_067.pcap,69a88945e561aedcd1180b04194f82c496374c156e317d4b98a57de842ff0194,204.872,211.016,5.896,0.0,4.776,9.808,215.544,220.824,152,185.214592,154,185.219368,146,185.003824,150,185.208696
3,68,results/smoke/ucast-3routers-pcap-validation-20260919/run_070/baseline_summary_20260919T095358Z.json,pcaps/3_routers/run_068.pcap,ddea0f41a560aec2aa087ce03e499b043c200f0e5113f4e4da177b65325da70d,344.8,358.792,11.336,0.0,5.736,16.208,361.872,375.0,133,185.36732,135,185.373056,129,185.011184,131,185.355984
3,69,results/smoke/ucast-3routers-pcap-validation-20260919/run_071/baseline_summary_20260919T095358Z.json,pcaps/3_routers/run_069.pcap,1e1c2ba02443ce551aca4bc0fa0ddf91ea46989b35498d7ff281cc53fb2fc753,423.48,435.144,4.616,0.0,5.096,8.848,433.192,443.992,141,185.43704,143,185.442136,137,185.008944,139,185.432424
3,70,results/smoke/ucast-3routers-pcap-validation-20260919/run_072/baseline_summary_20260919T095359Z.json,pcaps/3_routers/run_070.pcap,2db755b76f98c763a645dbfee5f3cd94c567bac13878add0a1e745475834d64d,99.408,107.96,5.896,0.0,4.776,9.808,110.08,117.768,124,185.111048,126,185.115824,118,185.005744,122,185.105152
3,71,results/smoke/ucast-3routers-pcap-validation-20260919/run_073/baseline_summary_20260919T095404Z.json,pcaps/3_routers/run_071.pcap,30c8cfde534cd062aa3c96d4ea9b155e192bbc689b4795ba802cc7fd0527abbe,376.744,385.936,9.416,0.0,5.416,13.968,391.576,399.904,130,185.392544,132,185.39796,123,185.006384,128,185.383128
3,72,results/smoke/ucast-3routers-pcap-validation-20260919/run_074/baseline_summary_20260919T095405Z.json,pcaps/3_routers/run_072.pcap,068de48a02483cced6df63527cfef0cc1d107935396cafc8fa89d043eab1076b,57.032,64.944,5.576,0.0,4.776,9.488,67.384,74.432,157,185.067712,159,185.072488,151,185.005104,155,185.062136
3,73,results/smoke/ucast-3routers-pcap-validation-20260919/run_075/baseline_summary_20260919T095405Z.json,pcaps/3_routers/run_073.pcap,cf7ab761d44d06c19e466f3a4513f6caf6d80cf40aeec25c9489b7be88112acf,284.032,292.264,5.256,0.0,5.736,10.128,295.024,302.392,155,185.294712,157,185.300448,149,185.005424,153,185.289456
3,74,results/smoke/ucast-3routers-pcap-validation-20260919/run_076/baseline_summary_20260919T095405Z.json,pcaps/3_routers/run_074.pcap,76896bd141d20766b92cf4713e18f68565bf857bada2e0daf09066487367295c,192.632,200.544,5.576,0.0,4.456,9.168,202.664,209.712,131,185.203312,133,185.207768,125,185.005104,129,185.197736
3,75,results/smoke/ucast-3routers-pcap-validation-20260919/run_077/baseline_summary_20260919T095405Z.json,pcaps/3_routers/run_075.pcap,48d1349b6d620105fc4764dc02c6d32d8e46590d359f9c2ed00c206f756df795,240.992,247.136,4.616,0.0,5.736,9.488,251.344,256.624,154,185.249752,156,185.255488,148,185.004144,152,185.245136
3,76,results/smoke/ucast-3routers-pcap-validation-20260919/run_078/baseline_summary_20260919T095406Z.json,pcaps/3_routers/run_076.pcap,a4fa1031ca93003afecb398388bd9abd5f241f39dfe0e8e79b38c85fc6372143,244.4,255.192,5.576,0.0,5.736,10.448,255.712,265.64,154,185.25796,156,185.263696,150,185.007984,152,185.252384
3,77,results/smoke/ucast-3routers-pcap-validation-20260919/run_079/baseline_summary_20260919T095406Z.json,pcaps/3_routers/run_077.pcap,ead86be7170b66fff9e4d82a33082c9b59dd19b2df62b7be21d1b51419e7a233,328.2,337.072,5.896,0.0,5.416,10.448,339.512,347.52,129,185.34016,131,185.345576,123,185.006064,127,185.334264
3,78,results/smoke/ucast-3routers-pcap-validation-20260919/run_080/baseline_summary_20260919T095406Z.json,pcaps/3_routers/run_078.pcap,e451d0cbc3f3e8235ca37a9c24b3cbfb781f27ff9329c85b8bbaa0d9bbbea712,82.48,93.824,5.896,0.0,5.096,10.128,93.472,103.952,134,185.097,136,185.102096,130,185.008624,132,185.091104
3,79,results/smoke/ucast-3routers-pcap-validation-20260919/run_081/baseline_summary_20260919T095411Z.json,pcaps/3_routers/run_079.pcap,40897755f6826debea1ec52ccc4e83da3a1370208a553b19c710ecbbcbb09898,279.44,292.792,4.616,0.0,4.776,8.528,288.832,301.32,155,185.2946,157,185.299376,151,185.010544,153,185.289984
3,80,results/smoke/ucast-3routers-pcap-validation-20260919/run_082/baseline_summary_20260919T095412Z.json,pcaps/3_routers/run_080.pcap,1db10094a71b2993ff9793ed35d655b2f44ae9baf7eefb81c289ba017b2980e3,212.12,224.192,6.216,0.0,8.616,13.968,226.952,238.16,136,185.2276,138,185.236216,132,185.009264,134,185.221384
3,81,results/smoke/ucast-3routers-pcap-validation-20260919/run_083/baseline_summary_20260919T095412Z.json,pcaps/3_routers/run_081.pcap,6e3060701dc4d420cadc631a25eaa8b0fb279c5c6221cf5bdeaf2feeb1e21731,241.16,254.192,12.936,0.0,5.416,17.488,259.512,271.68,128,185.26432,130,185.269736,124,185.010224,126,185.251384
3,82,results/smoke/ucast-3routers-pcap-validation-20260919/run_084/baseline_summary_20260919T095412Z.json,pcaps/3_routers/run_082.pcap,86cb0d8aa47f0622078097999499d73178b3d8ef5146f8735c0029af0c7e3ee6,199.472,208.344,4.936,0.0,8.616,12.688,213.024,221.032,157,185.210472,159,185.219088,151,185.006064,155,185.205536
3,83,results/smoke/ucast-3routers-pcap-validation-20260919/run_085/baseline_summary_20260919T095412Z.json,pcaps/3_routers/run_083.pcap,77f4d8f65bef2358070a2cfd064c2ffe2207181b5a0f40b6069f0971f021ccf6,66.4,81.352,6.536,0.0,5.096,10.768,78.032,92.12,160,185.08508,162,185.090176,156,185.012144,158,185.078544
3,84,results/smoke/ucast-3routers-pcap-validation-20260919/run_086/baseline_summary_20260919T095413Z.json,pcaps/3_routers/run_084.pcap,2a725a124c31ebdb33de34cc6d7bae84693d1f94ecfbe7fed9ebbade399956ad,49.592,56.776,5.576,0.0,4.776,9.488,59.944,66.264,131,185.059632,133,185.064408,125,185.004464,129,185.054056
3,85,results/smoke/ucast-3routers-pcap-validation-20260919/run_087/baseline_summary_20260919T095413Z.json,pcaps/3_routers/run_085.pcap,c0af188b093a8a68148eedc7b380001aa3b6aea152639d6b5830e0815e5ef325,161.48,173.552,9.096,0.0,5.096,13.328,175.672,186.88,137,185.17984,139,185.184936,133,185.009264,135,185.170744
3,86,results/smoke/ucast-3routers-pcap-validation-20260919/run_088/baseline_summary_20260919T095413Z.json,pcaps/3_routers/run_086.pcap,4fc31d23b2f89b1d6ae0e1fbd935ed6b8ebdbc295031dbfd7a436a2c54930dca,426.832,432.976,5.256,0.0,4.456,8.848,436.544,441.824,143,185.435592,145,185.440048,137,185.003504,141,185.430336
3,87,results/smoke/ucast-3routers-pcap-validation-20260919/run_089/baseline_summary_20260919T095417Z.json,pcaps/3_routers/run_087.pcap,df6a471a6732efc90f6edc530cf2b09a237f63d9d33e24b5c0cb9c8bf633c0ee,24210.504,24219.208,7.176,0.0,5.736,12.048,24223.416,24231.256,231,209.223744,233,209.22948,106,185.006064,229,209.216568
3,88,results/smoke/ucast-3routers-pcap-validation-20260919/run_090/baseline_summary_20260919T095419Z.json,pcaps/3_routers/run_088.pcap,792bdebf2e066fbfd4e113a817cef5d3a6236d4fc296b9f8fac0734e85c85e7c,212.76,223.552,5.896,0.0,5.736,10.768,224.392,234.32,157,185.22664,159,185.232376,153,185.007984,155,185.220744
3,89,results/smoke/ucast-3routers-pcap-validation-20260919/run_091/baseline_summary_20260919T095419Z.json,pcaps/3_routers/run_089.pcap,bc4c8ab0aeff024d2b426cef95217e87c6843c8260363a5d1e16c980917c0bd0,118.8,130.872,6.216,0.0,5.416,10.768,130.432,141.64,159,185.13428,161,185.139696,155,185.009264,157,185.128064
3,90,results/smoke/ucast-3routers-pcap-validation-20260919/run_092/baseline_summary_20260919T095420Z.json,pcaps/3_routers/run_090.pcap,1d16d4e5ea199824faf9c55fe37ac862f2bcb8f20b01c04c135063045e8cc25c,208.072,217.584,5.256,0.0,5.096,9.488,218.424,227.072,128,185.220032,130,185.225128,122,185.006704,126,185.214776
3,91,results/smoke/ucast-3routers-pcap-validation-20260919/run_093/baseline_summary_20260919T095420Z.json,pcaps/3_routers/run_091.pcap,a13be6e1aaa00610daffbfee9326559c23a15cf4349d3a1bc09b92623a232e83,444.896,452.08,5.896,0.0,5.736,10.768,456.528,462.848,149,185.455256,151,185.460992,142,185.004464,147,185.44936
3,92,results/smoke/ucast-3routers-pcap-validation-20260919/run_094/baseline_summary_20260919T095420Z.json,pcaps/3_routers/run_092.pcap,584032a965ed1b1cbe47d3e519714509abe86f9966e978f779a4f08e52539503,134.952,142.544,4.936,0.0,8.936,13.008,148.824,155.552,151,185.144672,153,185.153608,145,185.004784,149,185.139736
3,93,results/smoke/ucast-3routers-pcap-validation-20260919/run_095/baseline_summary_20260919T095420Z.json,pcaps/3_routers/run_093.pcap,d2ccbacb524f262b69bf2fb537670443830aad324c6fc21226958b506b99c54f,217.12,226.144,4.616,0.0,5.416,9.168,227.152,235.312,123,185.22844,125,185.233856,119,185.006704,121,185.223824
3,94,results/smoke/ucast-3routers-pcap-validation-20260919/run_097/baseline_summary_20260919T095424Z.json,pcaps/3_routers/run_094.pcap,54bb3c60eec59eab80d647a5796b10c2b1f87bb8ede09678ebe1d00968f3aac9,420.832,428.256,5.576,0.0,5.736,10.448,432.144,438.704,132,185.431512,134,185.437248,126,185.005104,130,185.425936
3,95,results/smoke/ucast-3routers-pcap-validation-20260919/run_098/baseline_summary_20260919T095425Z.json,pcaps/3_routers/run_095.pcap,a033c46f4aef1de6634a5c2637542e16fce054d7a16141e3c754b352154be744,202.4,215.432,7.496,0.0,4.776,11.408,214.672,226.84,135,185.22012,137,185.224896,131,185.010224,133,185.212624
3,96,results/smoke/ucast-3routers-pcap-validation-20260919/run_099/baseline_summary_20260919T095425Z.json,pcaps/3_routers/run_096.pcap,a80a74fa7c161dfec06ebd2ba571c78e47f08c01ac7b48df0e548290b0c241e8,474.16,486.232,5.896,0.0,7.656,12.688,487.712,498.92,149,185.48932,151,185.496976,145,185.009264,147,185.483424
3,97,results/smoke/ucast-3routers-pcap-validation-20260919/run_100/baseline_summary_20260919T095426Z.json,pcaps/3_routers/run_097.pcap,6b7e4d1c37c19d9dd436aec3193f02df1706a9161a572ffc10d30fa1e42cd1f7,168.952,177.184,4.616,0.0,6.056,9.808,179.624,186.992,124,185.178992,126,185.185048,118,185.005424,122,185.174376
3,98,results/smoke/ucast-3routers-pcap-validation-20260919/run_101/baseline_summary_20260919T095426Z.json,pcaps/3_routers/run_098.pcap,9adeb745e8565427533f26be5fbc3e41e59cecd512329cd3c9ac5beaa3dfe64e,273.952,281.136,4.616,0.0,5.416,9.168,283.984,290.304,126,185.283032,128,185.288448,120,185.004464,124,185.278416
3,99,results/smoke/ucast-3routers-pcap-validation-20260919/run_102/baseline_summary_20260919T095426Z.json,pcaps/3_routers/run_099.pcap,11de3fb7f6adf5f433c4870629ee40f04f19a7763d5d8b8eec06eab4411132d1,434.409,442.001,4.616,0.0,5.096,8.848,444.121,450.849,134,185.443809,136,185.448905,122,185.004784,132,185.439193
3,100,results/smoke/ucast-3routers-pcap-replacements-20260919/run_001/baseline_summary_20260919T100141Z.json,pcaps/3_routers/run_100.pcap,eb0d0bb4667eb53f3c28e973a2587785b4cd1ed974874c8083991b381f4eb0fe,351.12,369.592,5.576,0.0,4.456,9.168,361.152,378.76,159,185.37236,161,185.376816,155,185.015664,157,185.366784
4,1,results/smoke/ucast-4routers-pcap-validation-20260919/run_001/baseline_summary_20260919T095302Z.json,pcaps/4_routers/run_001.pcap,8829e363ea2dbcc7c5d504c111e3c624fb4777472b472b286de63e1e051b8a9c,392.312,398.456,5.256,0.0,5.736,10.128,403.304,408.584,225,185.401392,227,185.407128,219,185.003824,223,185.396136
4,2,results/smoke/ucast-4routers-pcap-validation-20260919/run_002/baseline_summary_20260919T095302Z.json,pcaps/4_routers/run_002.pcap,7f62619491edf73168a82e39bed4d9ef0b5f71d9327894a7cf2ac9810bd763be,390.728,405.192,6.216,0.0,5.096,10.448,402.04,415.64,183,185.409408,185,185.414504,177,185.012464,181,185.403192
4,3,results/smoke/ucast-4routers-pcap-validation-20260919/run_003/baseline_summary_20260919T095302Z.json,pcaps/4_routers/run_003.pcap,24023ce80eecf94e3f9a0414f30721247b1c260223a3998e639dabc2036e1377,197.08,215.872,5.576,0.0,7.656,12.368,210.312,228.24,210,185.21864,212,185.226296,206,185.015984,208,185.213064
4,4,results/smoke/ucast-4routers-pcap-validation-20260919/run_004/baseline_summary_20260919T095302Z.json,pcaps/4_routers/run_004.pcap,1c618329e77fb0aa50dcffae6e0f788b0841fbaf5185ecd607ee5229a1e7727a,46.792,52.936,6.216,0.0,6.056,11.408,59.064,64.344,192,185.056512,194,185.062568,186,185.003504,190,185.050296
4,5,results/smoke/ucast-4routers-pcap-validation-20260919/run_005/baseline_summary_20260919T095302Z.json,pcaps/4_routers/run_005.pcap,47d485df131a259637d6fcbcadde44542bbc2eed980dfbef9975ed873ca4acc5,108.952,118.464,6.856,0.0,6.056,12.048,121.864,130.512,187,185.122512,189,185.128568,181,185.006704,185,185.115656
4,6,results/smoke/ucast-4routers-pcap-validation-20260919/run_006/baseline_summary_20260919T095302Z.json,pcaps/4_routers/run_006.pcap,57ae575c3494c0f0a4937d6f326e73bc4a7df0135b4728cb74d6631a29237b55,116.4,122.544,5.576,0.0,5.736,10.448,127.712,132.992,219,185.1258,221,185.131536,213,185.003824,217,185.120224
4,7,results/smoke/ucast-4routers-pcap-validation-20260919/run_007/baseline_summary_20260919T095302Z.json,pcaps/4_routers/run_007.pcap,130747d793fdc1282e8bd6183aeb80552655651bf37bf2cf17f16833ae0d1161,173.76,187.432,5.256,0.0,8.296,12.688,187.312,200.12,211,185.18988,213,185.198176,207,185.010864,209,185.184624
4,8,results/smoke/ucast-4routers-pcap-validation-20260919/run_008/baseline_summary_20260919T095302Z.json,pcaps/4_routers/run_008.pcap,38dad85ac1e640eb6e2014ff37518fba0f54c99f01a3efbddfa019a3affaec27,281.168,288.272,6.216,0.0,5.416,10.768,292.8,299.04,205,185.291848,207,185.297264,199,185.004464,203,185.285632
4,9,results/smoke/ucast-4routers-pcap-validation-20260919/run_009/baseline_summary_20260919T095309Z.json,pcaps/4_routers/run_009.pcap,80ccc8d6be54fd10297f2cb39cdea931af7beb5d145297037e549e9d23a8752e,292.44,304.024,5.896,0.0,4.776,9.808,303.112,313.832,206,185.30728,208,185.312056,202,185.008944,204,185.301384
4,10,results/smoke/ucast-4routers-pcap-validation-20260919/run_010/baseline_summary_20260919T095310Z.json,pcaps/4_routers/run_010.pcap,83686fa468fbde3d45024a96cef4c4012d0752a3214855934e586e96dcb99168,153.4,168.992,5.256,0.0,5.096,9.488,163.752,178.48,219,185.17144,221,185.176536,215,185.012784,217,185.166184
4,11,results/smoke/ucast-4routers-pcap-validation-20260919/run_011/baseline_summary_20260919T095310Z.json,pcaps/4_routers/run_011.pcap,2ddc3f4aaf8209a152511bdcf997da7349890be6f69ff456efd7b8d05ef803e2,220.12,232.744,4.936,0.0,5.416,9.488,230.472,242.232,186,185.23496,188,185.240376,182,185.009904,184,185.230024
4,12,results/smoke/ucast-4routers-pcap-validation-20260919/run_012/baseline_summary_20260919T095310Z.json,pcaps/4_routers/run_012.pcap,1a934d1326708c2ced213ef8174c794f6a97ee081fca0526df095756758ff609,5.04,13.912,5.896,0.0,4.456,9.488,15.392,23.4,196,185.017,198,185.021456,189,185.006064,193,185.011104
4,13,results/smoke/ucast-4routers-pcap-validation-20260919/run_013/baseline_summary_20260919T095310Z.json,pcaps/4_routers/run_013.pcap,40fc4aa740d7edb5ba1364bcb741097286d2f914efb18ea98651dc88addeb5d3,427.48,436.184,4.616,0.0,4.776,8.528,436.872,444.712,209,185.43816,211,185.442936,205,185.006064,207,185.433544
4,14,results/smoke/ucast-4routers-pcap-validation-20260919/run_014/baseline_summary_20260919T095310Z.json,pcaps/4_routers/run_014.pcap,d2914b760e7c1a9633dbbf2b18db5dfdff21555c98404a4bcce133dbc8aeb5b3,122.272,130.824,4.936,0.0,5.096,9.168,132.304,139.992,208,185.132952,210,185.138048,202,185.005744,206,185.128016
4,15,results/smoke/ucast-4routers-pcap-validation-20260919/run_015/baseline_summary_20260919T095310Z.json,pcaps/4_routers/run_015.pcap,29402afdb9e2983cdb2b9f88237a5a72a1029c8c0ed6affab736b30ed6166c25,64.48,76.872,5.256,0.0,6.056,10.448,75.792,87.32,215,185.07932,217,185.085376,211,185.009584,213,185.074064
4,16,results/smoke/ucast-4routers-pcap-validation-20260919/run_016/baseline_summary_20260919T095310Z.json,pcaps/4_routers/run_016.pcap,beebdb02218196ec577fba757914c77c090ab5f6039887b7e0fcb4d96b79f788,340.4,354.072,5.896,0.0,5.416,10.448,351.712,364.52,217,185.35716,219,185.362576,213,185.010864,215,185.351264
4,17,results/smoke/ucast-4routers-pcap-validation-20260919/run_017/baseline_summary_20260919T095317Z.json,pcaps/4_routers/run_017.pcap,f15550e621e19ffedc7c817fc89c513402db1df6366ddac1393f19ec334689bf,343.616,351.44,4.936,0.0,5.416,9.488,353.968,360.928,218,185.353656,220,185.359072,211,185.005104,216,185.34872
4,18,results/smoke/ucast-4routers-pcap-validation-20260919/run_018/baseline_summary_20260919T095317Z.json,pcaps/4_routers/run_018.pcap,6135470c818176bf89d2013e7c9786700c021726dfe68202b34924aa4ad1c483,59.44,78.816,6.216,0.0,5.416,10.768,71.072,89.584,192,185.082224,194,185.08764,188,185.016568,190,185.076008
4,19,results/smoke/ucast-4routers-pcap-validation-20260919/run_019/baseline_summary_20260919T095317Z.json,pcaps/4_routers/run_019.pcap,e24af2b6fa45736f432a98447d33d9636e15aa524322094eecc09170a57a07ad,20.44,30.104,4.936,0.0,4.456,8.528,29.832,38.632,211,185.0324,213,185.036856,207,185.007024,209,185.027464
4,20,results/smoke/ucast-4routers-pcap-validation-20260919/run_020/baseline_summary_20260919T095318Z.json,pcaps/4_routers/run_020.pcap,2f59efeaba1331d7c938f5bf975aa3d32c455796163893db1e7afbf8875bf219,189.8,207.952,7.496,0.0,5.416,12.048,202.712,220.0,206,185.21264,208,185.218056,202,185.015344,204,185.205144
4,21,results/smoke/ucast-4routers-pcap-validation-20260919/run_021/baseline_summary_20260919T095318Z.json,pcaps/4_routers/run_021.pcap,d45d25c68a8f54588ac79dbe7b8d0eb54295ad87c0a4f99dda61de1554b0f2d1,481.4,496.616,5.896,0.0,6.056,11.088,493.352,507.704,186,185.499704,188,185.50576,182,185.012408,184,185.493808
4,22,results/smoke/ucast-4routers-pcap-validation-20260919/run_022/baseline_summary_20260919T095318Z.json,pcaps/4_routers/run_022.pcap,4fa6a9ba3db72a1ff99243b3a0e4a8d2a7f6b35d0986db233610f1d84645f8d5,30.44,37.544,4.616,0.0,4.456,8.208,39.512,45.752,216,185.04016,218,185.044616,210,185.005104,214,185.035544
4,23,results/smoke/ucast-4routers-pcap-validation-20260919/run_023/baseline_summary_20260919T095318Z.json,pcaps/4_routers/run_023.pcap,450f43a07fe23e8ac73917ef26c375990481471b8aed7c6549d54ee2ede8c186,337.608,345.84,6.856,0.0,6.056,12.048,350.52,357.888,206,185.349888,208,185.355944,200,185.005424,204,185.343032
4,24,results/smoke/ucast-4routers-pcap-validation-20260919/run_024/baseline_summary_20260919T095318Z.json,pcaps/4_routers/run_024.pcap,b8aa3ec82444dc245bd1709fca0be1b14d213f0028ead8b46ef2144fee5ba9a0,358.4,368.064,5.576,0.0,5.096,9.808,369.072,377.872,214,185.37132,216,185.376416,210,185.007344,212,185.365744
4,25,results/smoke/ucast-4routers-pcap-validation-20260919/run_025/baseline_summary_20260919T095324Z.json,pcaps/4_routers/run_025.pcap,de695ff6af3ffaf8bb9cd04c2776254c720a5f1e9161ad607a40afd1aa52613b,454.08,464.648,5.576,0.0,5.736,10.448,465.392,475.096,205,185.467584,207,185.47332,201,185.007928,203,185.462008
4,26,results/smoke/ucast-4routers-pcap-validation-20260919/run_026/baseline_summary_20260919T095325Z.json,pcaps/4_routers/run_026.pcap,2fcb2cd871654cc485337effc6bd66f053be1b895c807bf67e86f31d4b7ca559,237.4,251.072,12.936,0.0,9.256,21.328,259.592,272.4,208,185.2612,210,185.270456,204,185.010864,206,185.248264
4,27,results/smoke/ucast-4routers-pcap-validation-20260919/run_027/baseline_summary_20260919T095325Z.json,pcaps/4_routers/run_027.pcap,ace97683b55feda8b8b222b9b09b2140e2a96f0c376c7338e5f4a8eda4fb3005,208.152,215.576,5.256,0.0,5.736,10.128,219.144,225.704,208,185.218832,210,185.224568,202,185.005424,206,185.213576
4,28,results/smoke/ucast-4routers-pcap-validation-20260919/run_028/baseline_summary_20260919T095325Z.json,pcaps/4_routers/run_028.pcap,d6044323902c516b5570d8917d01f0c6cbacc72dc3529eaa203ecf44d5bb606f,216.272,223.056,4.616,0.0,6.056,9.808,226.944,232.864,208,185.225032,210,185.231088,202,185.004144,206,185.220416
4,29,results/smoke/ucast-4routers-pcap-validation-20260919/run_029/baseline_summary_20260919T095325Z.json,pcaps/4_routers/run_029.pcap,b4118f72881192929eaa6b49c34845fca0c261a208139aebed74169e3d469ad9,354.912,363.464,6.856,0.0,6.696,12.688,368.464,376.152,214,185.367512,216,185.374208,208,185.005744,212,185.360656
4,30,results/smoke/ucast-4routers-pcap-validation-20260919/run_030/baseline_summary_20260919T095325Z.json,pcaps/4_routers/run_030.pcap,873c7183d459f825fe9a7dfcbfac9b9e764b947eec32c19e43ede52a630d7c7e,390.712,399.264,5.576,0.0,6.696,11.408,402.984,410.672,207,185.402032,209,185.408728,201,185.005744,205,185.396456
4,31,results/smoke/ucast-4routers-pcap-validation-20260919/run_031/baseline_summary_20260919T095325Z.json,pcaps/4_routers/run_031.pcap,f28f802416c5de2d044fa80fba408c73735f092ed3a410974a3782d929366676,67.672,73.816,5.256,0.0,8.296,12.688,81.224,86.504,213,185.076752,215,185.085048,207,185.003824,211,185.071496
4,32,results/smoke/ucast-4routers-pcap-validation-20260919/run_032/baseline_summary_20260919T095325Z.json,pcaps/4_routers/run_032.pcap,df959b522b30a9ad99ab8392954aad073e2f0110242497d56a5d0e2b1f3ee857,349.08,359.704,6.216,0.0,9.256,14.608,364.552,374.312,194,185.36328,196,185.372536,189,185.007984,192,185.357064
4,33,results/smoke/ucast-4routers-pcap-validation-20260919/run_033/baseline_summary_20260919T095332Z.json,pcaps/4_routers/run_033.pcap,c01bed592ae12a1c213cc441bd91817a10e1ed8ad046b1e56fd3016f27477806,466.4,476.704,4.616,0.0,5.416,9.168,476.432,485.872,224,185.47868,226,185.484096,220,185.007664,222,185.474064
4,34,results/smoke/ucast-4routers-pcap-validation-20260919/run_034/baseline_summary_20260919T095332Z.json,pcaps/4_routers/run_034.pcap,6efb065c58c3515361ae08cdfbc5e2b4b92cb023b5e96e90278351f682a1c1ca,161.432,167.576,5.896,0.0,5.736,10.768,173.064,178.344,230,185.170832,232,185.176568,224,185.003504,228,185.164936
4,35,results/smoke/ucast-4routers-pcap-validation-20260919/run_035/baseline_summary_20260919T095332Z.json,pcaps/4_routers/run_035.pcap,36f0c69d465ded439d5fbe9aa339d17f0d2c5a8237634d5ae7117656e0420173,501.8,514.024,5.576,0.0,5.736,10.448,513.112,524.472,212,185.51696,214,185.522696,208,185.009584,210,185.511384
4,36,results/smoke/ucast-4routers-pcap-validation-20260919/run_036/baseline_summary_20260919T095332Z.json,pcaps/4_routers/run_036.pcap,7ea939d94275216d413cdaa945503a02e1510c640e622fc2a03ba42345a2dd67,261.392,269.624,8.456,0.0,4.776,12.368,274.624,281.992,211,185.275272,213,185.280048,205,185.005424,209,185.266816
4,37,results/smoke/ucast-4routers-pcap-validation-20260919/run_037/baseline_summary_20260919T095333Z.json,pcaps/4_routers/run_037.pcap,9db727c3b79388f5bdb98ff307e6f5605a2306905df962084c4da9c2776e8e5d,496.632,503.096,4.936,0.0,5.736,9.808,507.304,512.904,193,185.505392,195,185.511128,187,185.003824,191,185.500456
4,38,results/smoke/ucast-4routers-pcap-validation-20260919/run_038/baseline_summary_20260919T095333Z.json,pcaps/4_routers/run_038.pcap,79072bc2cd23b2f8abf3587b52b8d9ee21765a26b385120ac783df59b36c138d,334.832,340.976,6.856,0.0,4.776,10.768,346.464,351.744,226,185.345512,228,185.350288,220,185.003824,224,185.338656
4,39,results/smoke/ucast-4routers-pcap-validation-20260919/run_039/baseline_summary_20260919T095333Z.json,pcaps/4_routers/run_039.pcap,3c178122ce7a768fecdea2f175c5e6de786b130b01b98ec4f3ea22303307450a,353.16,366.192,6.536,0.0,6.056,11.728,365.752,377.92,236,185.36992,238,185.375976,232,185.010224,234,185.363384
4,40,results/smoke/ucast-4routers-pcap-validation-20260919/run_040/baseline_summary_20260919T095333Z.json,pcaps/4_routers/run_040.pcap,ba0c97338e79b82e0c6efd939a41db8275984b37fc6daec3970f054d825848b5,31.8,42.824,5.896,0.0,6.056,11.088,43.752,53.912,211,185.046,213,185.052056,207,185.008304,209,185.040104
4,41,results/smoke/ucast-4routers-pcap-validation-20260919/run_041/baseline_summary_20260919T095339Z.json,pcaps/4_routers/run_041.pcap,143476b3e58738c39dbd9d482107dd0a10c9a714bd6427ff900949ff6270d066,18.4,31.376,5.576,0.0,4.456,9.168,28.432,40.544,212,185.034144,214,185.0386,208,185.010168,210,185.028568
4,42,results/smoke/ucast-4routers-pcap-validation-20260919/run_042/baseline_summary_20260919T095340Z.json,pcaps/4_routers/run_042.pcap,ee5387224ffe18bf6e42f3b697f492a8784c040cc7c9f66eb491ae42a0602be6,438.48,450.872,6.216,0.0,4.776,10.128,449.472,461.0,222,185.45428,224,185.459056,218,185.009584,220,185.448064
4,43,results/smoke/ucast-4routers-pcap-validation-20260919/run_043/baseline_summary_20260919T095341Z.json,pcaps/4_routers/run_043.pcap,7dee037bea449790315d2f87aa54f16a3f3d84558a2c62819febf04758e63ac2,373.44,389.992,6.216,0.0,4.456,9.808,384.112,399.8,227,185.3934,229,185.397856,223,185.013744,225,185.387184
4,44,results/smoke/ucast-4routers-pcap-validation-20260919/run_044/baseline_summary_20260919T095341Z.json,pcaps/4_routers/run_044.pcap,ff2d4e8957b10c6e853726de79ca3f203a5223116b8f723ca902691d11260c7a,63.912,94.416,29.128,0.0,20.552,47.28,113.592,141.696,223,185.097824,227,185.118376,213,185.004784,217,185.068696
4,45,results/smoke/ucast-4routers-pcap-validation-20260919/run_045/baseline_summary_20260919T095341Z.json,pcaps/4_routers/run_045.pcap,ebca58730ebf7271c4db529a5e4ba4309444781412a1836eea78ca09ff2929e9,490.592,498.824,5.576,0.0,4.456,9.168,500.624,507.992,212,185.501592,214,185.506048,206,185.005424,210,185.496016
4,46,results/smoke/ucast-4routers-pcap-validation-20260919/run_046/baseline_summary_20260919T095341Z.json,pcaps/4_routers/run_046.pcap,0c77c06e282b8c1a6849b092f3a90284dfc3330867cb1cdf098b0d1c425801ce,315.272,323.184,6.216,0.0,6.056,11.408,327.544,334.592,183,185.326592,185,185.332648,177,185.005104,181,185.320376
4,47,results/smoke/ucast-4routers-pcap-validation-20260919/run_047/baseline_summary_20260919T095341Z.json,pcaps/4_routers/run_047.pcap,0b81e7d08129be6bb35ea99c5b6f6da3c83e4e3cf07f48404ad24f6953ce150f,90.216,98.768,6.856,0.0,5.736,11.728,102.808,110.496,182,185.102816,184,185.108552,175,185.005744,180,185.09596
4,48,results/smoke/ucast-4routers-pcap-validation-20260919/run_048/baseline_summary_20260919T095341Z.json,pcaps/4_routers/run_048.pcap,5f93f8bcc21b41c51c2b07c92f762a4766d1c0df1d641d424439e9e7418706ea,445.8,457.552,5.576,0.0,4.776,9.488,456.152,467.04,211,185.46032,213,185.465096,207,185.008944,209,185.454744
4,49,results/smoke/ucast-4routers-pcap-validation-20260919/run_049/baseline_summary_20260919T095347Z.json,pcaps/4_routers/run_049.pcap,125ab4479d38afee306c205f183e96a4f79506e8f6417bd941cf2b0c791e50f8,84.8,98.472,5.896,0.0,6.056,11.088,96.752,109.56,228,185.10156,230,185.107616,224,185.010864,226,185.095664
4,50,results/smoke/ucast-4routers-pcap-validation-20260919/run_050/baseline_summary_20260919T095348Z.json,pcaps/4_routers/run_050.pcap,b9b57aac1ae7c34917dc2fc882646eccb8a49f05415de192334a2b06e6c129ea,228.16,243.584,4.616,0.0,5.416,9.168,238.192,252.752,216,185.24588,218,185.251296,212,185.013104,214,185.241264
4,51,results/smoke/ucast-4routers-pcap-validation-20260919/run_051/baseline_summary_20260919T095349Z.json,pcaps/4_routers/run_051.pcap,cfe125e92ccefbad360ae8df111f503e66e6d82d27e6caad3cc86b6086d874dd,436.8,450.944,4.936,0.0,5.416,9.488,447.152,460.432,197,185.45324,199,185.458656,193,185.011504,195,185.448304
4,52,results/smoke/ucast-4routers-pcap-validation-20260919/run_052/baseline_summary_20260919T095349Z.json,pcaps/4_routers/run_052.pcap,647f4eb38695aadbf1470b50065c976d5d32b389818d52d89138ebf13a74e2f1,185.192,192.784,4.936,0.0,5.096,9.168,195.224,201.952,235,185.194912,237,185.200008,229,185.004784,233,185.189976
4,53,results/smoke/ucast-4routers-pcap-validation-20260919/run_053/baseline_summary_20260919T095349Z.json,pcaps/4_routers/run_053.pcap,b9a2491b222b68efe284f2ddb3fd69021f827932eec16a5a91e416ebf0971691,350.232,359.104,4.936,0.0,5.416,9.488,360.584,368.592,204,185.361232,206,185.366648,198,185.006064,202,185.356296
4,54,results/smoke/ucast-4routers-pcap-validation-20260919/run_054/baseline_summary_20260919T095349Z.json,pcaps/4_routers/run_054.pcap,e0eb835e291da44405ec07ccbcdfb6078ff6c109ea8d2d3fc56af3c83b5a8068,360.952,368.136,4.616,0.0,5.416,9.168,370.984,377.304,203,185.370032,205,185.375448,197,185.004464,201,185.365416
4,55,results/smoke/ucast-4routers-pcap-validation-20260919/run_055/baseline_summary_20260919T095349Z.json,pcaps/4_routers/run_055.pcap,7ac25d80624c4e8a343a75e6f2580670f976a2b063a8a6494bfc67b6b16d77fb,409.44,425.504,5.256,0.0,4.776,9.168,419.472,434.672,212,185.42876,214,185.433536,208,185.014064,210,185.423504
4,56,results/smoke/ucast-4routers-pcap-validation-20260919/run_056/baseline_summary_20260919T095350Z.json,pcaps/4_routers/run_056.pcap,d34afaf471d59433d27398ffa711d148fd4941f9301ba95881915b38ae081fa0,441.44,450.784,6.216,0.0,5.736,11.088,453.392,461.872,218,185.45468,220,185.460416,214,185.007024,216,185.448464
4,57,results/smoke/ucast-4routers-pcap-validation-20260919/run_057/baseline_summary_20260919T095355Z.json,pcaps/4_routers/run_057.pcap,f9064557200fee77d201a5660633db4c74133a6045cbbfb2b686927ccff1242d,444.08,457.752,7.176,0.0,5.096,11.408,456.352,469.16,214,185.46212,216,185.467216,210,185.010864,212,185.454944
4,58,results/smoke/ucast-4routers-pcap-validation-20260919/run_058/baseline_summary_20260919T095356Z.json,pcaps/4_routers/run_058.pcap,f1d8c9bd74f1c0b22d030316f96cc8a93773a33ebb1ef35e40818f87ff73132b,292.84,300.432,5.896,0.0,6.376,11.408,305.112,311.84,203,185.30352,205,185.309896,194,185.004784,201,185.297624
4,59,results/smoke/ucast-4routers-pcap-validation-20260919/run_059/baseline_summary_20260919T095356Z.json,pcaps/4_routers/run_059.pcap,2592c5fdf6b585dbf543938d19c1c6431106b9f3b1c810018116f57eedb72034,35.8,46.688,7.496,0.0,5.416,12.048,48.712,58.736,214,185.051544,216,185.05696,210,185.008248,212,185.044048
4,60,results/smoke/ucast-4routers-pcap-validation-20260919/run_060/baseline_summary_20260919T095356Z.json,pcaps/4_routers/run_060.pcap,9c377228352d622c1460d582e246cf874a5b67b2a80067d4e62e4db87fbf9de2,173.952,182.184,8.776,0.0,6.056,13.968,188.784,196.152,211,185.188152,213,185.194208,205,185.005424,209,185.179376
4,61,results/smoke/ucast-4routers-pcap-validation-20260919/run_061/baseline_summary_20260919T095356Z.json,pcaps/4_routers/run_061.pcap,cfa742295e8fa332313c3754b986c1f9d1d55dc491a4e15c7f3e0107d4ae2ceb,393.536,400.72,8.136,0.0,7.016,14.288,408.688,415.008,215,185.406136,217,185.413152,208,185.004464,213,185.398
4,62,results/smoke/ucast-4routers-pcap-validation-20260919/run_064/baseline_summary_20260919T095357Z.json,pcaps/4_routers/run_062.pcap,71f0373b44f800c195e969a3bc02ddd1317756ec97269296302647bb32ec837c,410.12,421.144,8.136,0.0,5.736,13.008,423.992,434.152,235,185.42656,237,185.432296,231,185.008304,233,185.418424
4,63,results/smoke/ucast-4routers-pcap-validation-20260919/run_065/baseline_summary_20260919T095402Z.json,pcaps/4_routers/run_063.pcap,77cb897bba7a3726f7c8f4bb995a0b54f79ff9eebfd72b1d6367e800d44a0158,261.32,267.784,7.176,0.0,8.616,14.928,277.112,282.712,252,185.27232,254,185.280936,246,185.003824,250,185.265144
4,64,results/smoke/ucast-4routers-pcap-validation-20260919/run_066/baseline_summary_20260919T095403Z.json,pcaps/4_routers/run_064.pcap,5413cbb8bbca407704f024f58273f2057ceded328491f83f7e724988210c0fde,252.72,258.864,8.456,0.0,7.016,14.608,268.192,273.472,213,185.26532,215,185.272336,207,185.004144,211,185.256864
4,65,results/smoke/ucast-4routers-pcap-validation-20260919/run_067/baseline_summary_20260919T095404Z.json,pcaps/4_routers/run_065.pcap,0c71d3d0a7dfe7399918005611dd71ec673b4ed60e8beeb5a1130282e12a1ce8,213.512,220.696,5.896,0.0,7.656,12.688,227.064,233.384,183,185.223872,185,185.231528,177,185.004464,181,185.217976
4,66,results/smoke/ucast-4routers-pcap-validation-20260919/run_068/baseline_summary_20260919T095404Z.json,pcaps/4_routers/run_066.pcap,9b628405b41965241aac5e47fb4cb25aa04bffee87310a0ff2977801c15b7d96,474.408,481.192,4.936,0.0,5.416,9.488,484.76,490.68,190,185.483488,192,185.488904,184,185.004144,188,185.478552
4,67,results/smoke/ucast-4routers-pcap-validation-20260919/run_069/baseline_summary_20260919T095404Z.json,pcaps/4_routers/run_067.pcap,8687a53e97a8c7aa65f06f215ad68312a8c9bd9ab1eba07b246984a51a8aa0f2,216.52,223.624,5.896,0.0,5.736,10.768,228.152,234.392,212,185.22688,214,185.232616,206,185.004464,210,185.220984
4,68,results/smoke/ucast-4routers-pcap-validation-20260919/run_070/baseline_summary_20260919T095405Z.json,pcaps/4_routers/run_068.pcap,ec01db79dddb65a8d6fbd1c7d6c5e2577120d5a240c5454916fa1bedbdc011a0,404.12,414.856,11.016,0.0,4.456,14.608,419.592,429.464,225,185.423064,227,185.42752,221,185.007928,223,185.412048
4,69,results/smoke/ucast-4routers-pcap-validation-20260919/run_071/baseline_summary_20260919T095405Z.json,pcaps/4_routers/run_069.pcap,1d65cc1770facfb8bfc60d68259864e7d4b8502d08abb76208b0f4225777dc22,242.76,250.352,5.576,0.0,5.736,10.448,254.072,260.8,193,185.25312,195,185.258856,187,185.004784,191,185.247544
4,70,results/smoke/ucast-4routers-pcap-validation-20260919/run_072/baseline_summary_20260919T095405Z.json,pcaps/4_routers/run_070.pcap,fb81fb19ea77891b7aa642822bbf2a934a3ad9dd4f475f3398e9b409a04209cc,150.032,156.176,5.896,0.0,4.776,9.808,160.704,165.984,209,185.159752,211,185.164528,203,185.003824,207,185.153856
4,71,results/smoke/ucast-4routers-pcap-validation-20260919/run_073/baseline_summary_20260919T095409Z.json,pcaps/4_routers/run_071.pcap,836c36b1ff401adbf36d7b1c998d837275fa805afd8528785834ed9b708159bd,95.08,111.784,5.576,0.0,5.736,10.448,106.392,122.232,200,185.11472,202,185.120456,196,185.014064,198,185.109144
4,72,results/smoke/ucast-4routers-pcap-validation-20260919/run_074/baseline_summary_20260919T095410Z.json,pcaps/4_routers/run_072.pcap,0e45c0ef47ec1b1ae78ba959ea84627c30060de6bc8406e9c9c44002afcb5216,308.552,316.464,5.576,0.0,8.296,13.008,322.424,329.472,180,185.319232,182,185.327528,174,185.005104,178,185.313656
4,73,results/smoke/ucast-4routers-pcap-validation-20260919/run_075/baseline_summary_20260919T095411Z.json,pcaps/4_routers/run_073.pcap,e033859b15c536a788c351c503be1f65674d81b34fea5a6998d1f663f1c5802b,261.064,274.096,8.776,0.0,5.096,13.008,274.936,287.104,179,185.280064,181,185.28516,174,185.010224,177,185.271288
4,74,results/smoke/ucast-4routers-pcap-validation-20260919/run_076/baseline_summary_20260919T095411Z.json,pcaps/4_routers/run_074.pcap,20eb238434c3125044a04d93b999596a6d6a22bca253807abe7eaffe565b92ab,383.192,389.656,5.576,0.0,5.096,9.808,393.864,399.464,190,185.392912,192,185.398008,184,185.004144,188,185.387336
4,75,results/smoke/ucast-4routers-pcap-validation-20260919/run_077/baseline_summary_20260919T095411Z.json,pcaps/4_routers/run_075.pcap,dcc8f5ff2ee4a388fed51c65e6e775b8aed6e442b5b3df249d76e583b700f741,228.12,238.744,5.896,0.0,4.456,9.488,238.472,248.232,194,185.242,196,185.246456,190,185.007984,192,185.236104
4,76,results/smoke/ucast-4routers-pcap-validation-20260919/run_079/baseline_summary_20260919T095412Z.json,pcaps/4_routers/run_076.pcap,454e1f2358e67a9baf4ddfabf77031b8a74ca9cbb98064667d2748b5cc6e4bf0,460.92,468.744,4.936,0.0,5.416,9.488,471.272,478.232,218,185.47096,220,185.476376,212,185.005104,216,185.466024
4,77,results/smoke/ucast-4routers-pcap-validation-20260919/run_080/baseline_summary_20260919T095413Z.json,pcaps/4_routers/run_077.pcap,afa5bdc14a0ae96a32591c82f42d1f9cd391515c5c16039a1638fa065c20e2a4,130.992,137.136,5.256,0.0,6.056,10.448,142.304,147.584,212,185.140392,214,185.146448,206,185.004144,210,185.135136
4,78,results/smoke/ucast-4routers-pcap-validation-20260919/run_081/baseline_summary_20260919T095416Z.json,pcaps/4_routers/run_078.pcap,0d39ae6c8bc5824390ac6b1935e02fb79b213c33bbfc10e4c93ca13a8c8e7023,24.232,30.376,5.256,0.0,6.056,10.448,35.544,40.824,218,185.033312,220,185.039368,212,185.003824,216,185.028056
4,79,results/smoke/ucast-4routers-pcap-validation-20260919/run_082/baseline_summary_20260919T095418Z.json,pcaps/4_routers/run_079.pcap,73baf29f4219111175997ac52c62f11584786d3597eb2df740b5cf0167eb4fe3,441.592,447.736,4.936,0.0,6.056,10.128,452.584,457.864,202,185.450032,204,185.456088,196,185.003504,200,185.445096
4,80,results/smoke/ucast-4routers-pcap-validation-20260919/run_083/baseline_summary_20260919T095419Z.json,pcaps/4_routers/run_080.pcap,2231021e4ec0cd5ea61ba9e2605f433ab4f283a5afe05d80d25a6e87a0eb541a,75.8,87.232,5.576,0.0,6.056,10.768,87.432,98.0,206,185.09,208,185.096056,202,185.008624,204,185.084424
4,81,results/smoke/ucast-4routers-pcap-validation-20260919/run_084/baseline_summary_20260919T095419Z.json,pcaps/4_routers/run_081.pcap,ba6a8af646d53c5faef5427c24a10c34e3f7071ba9ad419399cde4ab5c432cff,83.8,95.784,4.616,0.0,5.096,8.848,93.512,104.632,226,185.09768,228,185.102776,222,185.009264,224,185.093064
4,82,results/smoke/ucast-4routers-pcap-validation-20260919/run_085/baseline_summary_20260919T095419Z.json,pcaps/4_routers/run_082.pcap,067b18fbe5b3f54b95d560ce4940610794dae0a9dc43c3a0a9a572c028ed8b4f,281.368,297.32,12.184,0.0,5.416,11.088,298.968,308.408,189,185.301856,191,185.307272,183,185.008304,186,185.289672
4,83,results/smoke/ucast-4routers-pcap-validation-20260919/run_086/baseline_summary_20260919T095420Z.json,pcaps/4_routers/run_083.pcap,cfbfe9742afa87e77b6b0d521fd2ddfd605efa18f759afc42109f6bca050d46a,424.16,431.904,4.616,0.0,4.456,8.208,433.232,440.112,221,185.43452,223,185.438976,213,185.005744,219,185.429904
4,84,results/smoke/ucast-4routers-pcap-validation-20260919/run_087/baseline_summary_20260919T095420Z.json,pcaps/4_routers/run_084.pcap,4f843e5a94dd3d23b20c2a63ba49bb776aaded794c63efd843a65a8ef9353f37,20.8,41.192,5.896,0.0,5.416,10.448,32.112,51.64,202,185.04428,204,185.049696,198,185.017584,200,185.038384
4,85,results/smoke/ucast-4routers-pcap-validation-20260919/run_088/baseline_summary_20260919T095421Z.json,pcaps/4_routers/run_085.pcap,9bbf3508227ebca0d2d4c5db32e74e52413576e74e30edff19d08618b9818304,165.4,175.704,4.936,0.0,6.056,10.128,176.392,185.832,220,185.17864,222,185.184696,216,185.008304,218,185.173704
4,86,results/smoke/ucast-4routers-pcap-validation-20260919/run_089/baseline_summary_20260919T095423Z.json,pcaps/4_routers/run_086.pcap,c1fd2a39d9000fec3aafc6c61ec69bd5a8274555a989f25ffeed43081eef3dff,111.912,119.504,6.216,0.0,4.776,10.128,122.904,129.632,213,185.122912,215,185.127688,207,185.004784,211,185.116696
4,87,results/smoke/ucast-4routers-pcap-validation-20260919/run_090/baseline_summary_20260919T095425Z.json,pcaps/4_routers/run_087.pcap,537985ac9fba9d29b4ebcef01e1fc359223bd370ee672e747a341bdee642bd2c,293.4,305.472,5.256,0.0,4.776,9.168,303.432,314.64,199,185.30792,201,185.312696,195,185.009264,197,185.302664
4,88,results/smoke/ucast-4routers-pcap-validation-20260919/run_091/baseline_summary_20260919T095426Z.json,pcaps/4_routers/run_088.pcap,02057234be6d1862d38e110f2eba2cbcec9441c2bd7dc429d53cf2e3e6710e22,316.76,337.472,5.896,0.0,4.776,9.808,327.432,347.28,202,185.34056,204,185.345336,198,185.017904,200,185.334664
4,89,results/smoke/ucast-4routers-pcap-validation-20260919/run_092/baseline_summary_20260919T095426Z.json,pcaps/4_routers/run_089.pcap,ae07076701beb9ab2a569753b5be36970bf435aeaaa268ecc25c70b08c3c7006,362.16,376.736,7.496,0.0,6.056,12.688,375.712,389.424,191,185.381424,193,185.38748,187,185.011768,189,185.373928
4,90,results/smoke/ucast-4routers-pcap-validation-20260919/run_093/baseline_summary_20260919T095426Z.json,pcaps/4_routers/run_090.pcap,68f2fbaa54ea9358f740cc163f50b3b252801381294e8a745f6d5fa422c7dcd1,67.44,79.984,5.576,0.0,4.456,9.168,77.472,89.152,188,185.08324,190,185.087696,184,185.010224,186,185.077664
4,91,results/smoke/ucast-4routers-pcap-validation-20260919/run_094/baseline_summary_20260919T095427Z.json,pcaps/4_routers/run_091.pcap,56b76f56b3e933d51f413d1af1589579c6e57c56a5077da228027317f3f9364d,187.032,194.944,5.256,0.0,4.456,8.848,196.744,203.792,190,185.197392,192,185.201848,184,185.005104,188,185.192136
4,92,results/smoke/ucast-4routers-pcap-validation-20260919/run_095/baseline_summary_20260919T095427Z.json,pcaps/4_routers/run_092.pcap,33e97b6f6d72cfdb5cfecd5a60295b260488e70b5780e9708c3ea86328a4e296,453.12,468.712,5.576,0.0,5.096,9.808,463.792,478.52,306,185.47148,308,185.476576,302,185.012784,304,185.465904
4,93,results/smoke/ucast-4routers-pcap-validation-20260919/run_096/baseline_summary_20260919T095428Z.json,pcaps/4_routers/run_093.pcap,ef22f95cd4b956ca14cfcda572b311459f8e9cf34bb8b2be9770385f1940862c,494.2,502.752,8.136,0.0,4.456,11.728,506.792,514.48,232,185.50808,234,185.512536,226,185.005744,230,185.499944
4,94,results/smoke/ucast-4routers-pcap-validation-20260919/run_098/baseline_summary_20260919T095429Z.json,pcaps/4_routers/run_094.pcap,6bde0d91f283249917439d5466b8f3199db71c2aaa4c1c93519bf613c1f1b5b9,75.08,87.792,4.936,0.0,5.416,9.488,85.432,97.28,180,185.08992,182,185.095336,176,185.009904,178,185.084984
4,95,results/smoke/ucast-4routers-pcap-validation-20260919/run_099/baseline_summary_20260919T095430Z.json,pcaps/4_routers/run_095.pcap,a4534166c09aead8cde557753c2fddd730786874dfe166a9883ded3a80b18cc1,190.744,204.736,5.576,0.0,5.096,9.808,201.416,214.544,196,185.207504,198,185.2126,191,185.011184,194,185.201928
4,96,results/smoke/ucast-4routers-pcap-validation-20260919/run_100/baseline_summary_20260919T095430Z.json,pcaps/4_routers/run_096.pcap,542e889822b83274f29cb8e8961a27dd4a3a2b874da5b862d9767fdabbd02645,312.312,320.224,5.256,0.0,7.016,11.408,324.584,331.632,243,185.322672,245,185.329688,237,185.005104,241,185.317416
4,97,results/smoke/ucast-4routers-pcap-validation-20260919/run_101/baseline_summary_20260919T095431Z.json,pcaps/4_routers/run_097.pcap,99454b3f995aac8fc0339a06d8843aa0f756c3c9fed6aa08ca3600d8c17738a8,303.08,318.992,4.616,0.0,5.736,9.488,313.432,328.48,227,185.3208,229,185.326536,223,185.013104,225,185.316184
4,98,results/smoke/ucast-4routers-pcap-validation-20260919/run_102/baseline_summary_20260919T095431Z.json,pcaps/4_routers/run_098.pcap,7afe823b670a40361ad72e755a8c9460a45460d0986a769583166514d17add69,314.44,320.904,13.576,0.0,4.776,17.488,332.792,338.392,196,185.33248,198,185.337256,190,185.004464,194,185.318904
4,99,results/smoke/ucast-4routers-pcap-replacements-20260919/run_002/baseline_summary_20260919T100141Z.json,pcaps/4_routers/run_099.pcap,06cfa0e2e7694bb6bf8fe4aa145a136b72e6c63b1d6758ffd916954559342251,27.2,36.392,4.936,0.0,6.056,10.128,38.192,46.52,199,185.03852,201,185.044576,193,185.006384,197,185.033584
4,100,results/smoke/ucast-4routers-pcap-replacements-20260919/run_003/baseline_summary_20260919T100141Z.json,pcaps/4_routers/run_100.pcap,fc2b6e97fa50dc78ec5f73b47985c316c1d17f2515fb62d20ed4301f69599c77,379.912,386.056,10.696,0.0,8.616,18.448,399.224,404.504,205,185.394752,207,185.403368,199,185.004144,203,185.384056
